capability,family,method,path,operation_id,summary,paging,deprecated,sideload
help_center,Article Attachments,POST,/api/v2/help_center/articles/attachments,CreateAttachment,Create Unassociated Attachment,,,
help_center,Article Attachments,DELETE,/api/v2/help_center/articles/attachments/{article_attachment_id},DeleteArticleAttachment,Delete Article Attachment,,,
help_center,Article Attachments,GET,/api/v2/help_center/articles/attachments/{article_attachment_id},ShowArticleAttachmentNoArticle,Show Article Attachment,,,
help_center,Article Attachments,GET,/api/v2/help_center/articles/{article_id}/attachments,ListArticleAttachments,List Article Attachments,,,
help_center,Article Attachments,POST,/api/v2/help_center/articles/{article_id}/attachments,CreateArticleAttachment,Create Article Attachment,,,
help_center,Article Attachments,GET,/api/v2/help_center/articles/{article_id}/attachments/block,ListBlockArticleAttachments,List Article Block Attachments,,,
help_center,Article Attachments,GET,/api/v2/help_center/articles/{article_id}/attachments/inline,ListInlineArticleAttachments,List Article Inline Attachments,,,
help_center,Article Attachments,GET,/api/v2/help_center/articles/{article_id}/attachments/{article_attachment_id},ShowArticleAttachment,Show Article Attachment in Article,,,
help_center,Article Attachments,GET,/api/v2/help_center/{locale}/articles/{article_id}/attachments,ListArticleAttachmentsWithLocale,List Article Attachments by Locale,,,
help_center,Article Attachments,GET,/api/v2/help_center/{locale}/articles/{article_id}/attachments/block,ListBlockArticleAttachmentsWithLocale,List Article Block Attachments by Locale,,,
help_center,Article Attachments,GET,/api/v2/help_center/{locale}/articles/{article_id}/attachments/inline,ListInlineArticleAttachmentsWithLocale,List Article Inline Attachments by Locale,,,
help_center,Article Comments,GET,/api/v2/help_center/articles/{article_id}/comments,ListArticleCommentsNoLocale,List Article Comments,,,
help_center,Article Comments,POST,/api/v2/help_center/articles/{article_id}/comments,CreateArticleCommentNoLocale,Create Article Comment,,,
help_center,Article Comments,DELETE,/api/v2/help_center/articles/{article_id}/comments/{comment_id},DeleteArticleCommentNoLocale,Delete Article Comment,,,
help_center,Article Comments,GET,/api/v2/help_center/articles/{article_id}/comments/{comment_id},ShowArticleCommentNoLocale,Show Article Comment,,,
help_center,Article Comments,PUT,/api/v2/help_center/articles/{article_id}/comments/{comment_id},UpdateArticleCommentNoLocale,Update Article Comment,,,
help_center,Article Comments,GET,/api/v2/help_center/users/{user_id}/comments,ListArticleCommentsByUserNoLocale,List Article Comments by User,,,
help_center,Article Comments,GET,/api/v2/help_center/{locale}/articles/{article_id}/comments,ListArticleComments,List Article Comments by Locale,,,
help_center,Article Comments,POST,/api/v2/help_center/{locale}/articles/{article_id}/comments,CreateArticleComment,Create Comment,,,
help_center,Article Comments,DELETE,/api/v2/help_center/{locale}/articles/{article_id}/comments/{comment_id},DeleteComment,Delete Article Comment by Locale,,,
help_center,Article Comments,GET,/api/v2/help_center/{locale}/articles/{article_id}/comments/{comment_id},ShowComment,Show Article Comment by Locale,,,
help_center,Article Comments,PUT,/api/v2/help_center/{locale}/articles/{article_id}/comments/{comment_id},UpdateComment,Update Article Comment by Locale,,,
help_center,Article Labels,GET,/api/v2/help_center/articles/labels,ListAllArticleLabels,List All Labels,,,
help_center,Article Labels,DELETE,/api/v2/help_center/articles/labels/{label_id},DeleteLabel,Delete Label,,,
help_center,Article Labels,GET,/api/v2/help_center/articles/labels/{label_id},ShowLabel,Show Label,,,
help_center,Article Labels,GET,/api/v2/help_center/articles/{article_id}/labels,ListArticleLabelsNoLocale,List Article Labels,,,
help_center,Article Labels,POST,/api/v2/help_center/articles/{article_id}/labels,CreateArticleLabelNoLocale,Create Label,,,
help_center,Article Labels,DELETE,/api/v2/help_center/articles/{article_id}/labels/{label_id},DeleteArticleLabelNoLocale,Delete Label from Article,,,
help_center,Article Labels,GET,/api/v2/help_center/{locale}/articles/{article_id}/labels,ListArticleLabels,List Article Labels by Locale,,,
help_center,Article Labels,POST,/api/v2/help_center/{locale}/articles/{article_id}/labels,CreateArticleLabel,Create Label by Locale,,,
help_center,Article Labels,DELETE,/api/v2/help_center/{locale}/articles/{article_id}/labels/{label_id},DeleteArticleLabel,Delete Label from Article by Locale,,,
help_center,Articles,GET,/api/v2/help_center/articles,ListArticlesNoLocale,List Articles,,,
help_center,Articles,DELETE,/api/v2/help_center/articles/{article_id},ArchiveArticleNoLocale,Archive Article,,,
help_center,Articles,GET,/api/v2/help_center/articles/{article_id},ShowArticleNoLocale,Show Article,,,
help_center,Articles,PUT,/api/v2/help_center/articles/{article_id},UpdateArticleNoLocale,Update Article,,,
help_center,Articles,POST,/api/v2/help_center/articles/{article_id}/bulk_attachments,BulkAttachmentsArticlesNoLocale,Associate Attachments in Bulk to Article,,,
help_center,Articles,PUT,/api/v2/help_center/articles/{article_id}/source_locale,UpdateArticleSourceLocaleNoLocale,Update Article Source Locale,,,
help_center,Articles,GET,/api/v2/help_center/categories/{category_id}/articles,ListArticlesByCategoryNoLocale,List Articles in Category,,,
help_center,Articles,GET,/api/v2/help_center/incremental/articles,ListArticlesIncremental,List Articles Incrementally,,,
help_center,Articles,GET,/api/v2/help_center/sections/{section_id}/articles,ListArticlesBySectionNoLocale,List Articles in Section,,,
help_center,Articles,POST,/api/v2/help_center/sections/{section_id}/articles,CreateArticleBySection,Create Article in Section,,,
help_center,Articles,GET,/api/v2/help_center/users/{user_id}/articles,ListArticlesByUser,List Articles by User,,,
help_center,Articles,GET,/api/v2/help_center/{locale}/articles,ListArticles,List Articles by Locale,,,
help_center,Articles,DELETE,/api/v2/help_center/{locale}/articles/{article_id},ArchiveArticle,Archive Article by Locale,,,
help_center,Articles,GET,/api/v2/help_center/{locale}/articles/{article_id},ShowArticle,Show Article by Locale,,,
help_center,Articles,PUT,/api/v2/help_center/{locale}/articles/{article_id},UpdateArticle,Update Article by Locale,,,
help_center,Articles,POST,/api/v2/help_center/{locale}/articles/{article_id}/bulk_attachments,BulkAttachmentsArticles,Associate Attachments in Bulk to Article by Locale,,,
help_center,Articles,PUT,/api/v2/help_center/{locale}/articles/{article_id}/source_locale,UpdateArticleSourceLocale,Update Article Source Locale by Locale,,,
help_center,Articles,GET,/api/v2/help_center/{locale}/categories/{category_id}/articles,ListArticlesByCategoryWithLocale,List Articles in Category by Locale,,,
help_center,Articles,GET,/api/v2/help_center/{locale}/sections/{section_id}/articles,ListArticlesBySectionWithLocale,List Articles in Section by Locale,,,
help_center,Articles,POST,/api/v2/help_center/{locale}/sections/{section_id}/articles,CreateArticle,Create Article,,,
help_center,Categories,GET,/api/v2/help_center/categories,ListCategoriesNoLocale,List Categories,,,
help_center,Categories,POST,/api/v2/help_center/categories,CreateCategoryNoLocale,Create Category,,,
help_center,Categories,DELETE,/api/v2/help_center/categories/{category_id},DeleteCategoryNoLocale,Delete Category,,,
help_center,Categories,GET,/api/v2/help_center/categories/{category_id},ShowCategoryNoLocale,Show Category,,,
help_center,Categories,PUT,/api/v2/help_center/categories/{category_id},UpdateCategoryNoLocale,Update Category,,,
help_center,Categories,PUT,/api/v2/help_center/categories/{category_id}/source_locale,UpdateCategorySourceLocaleNoLocale,Update Category Source Locale,,,
help_center,Categories,GET,/api/v2/help_center/{locale}/categories,ListCategories,List Categories by Locale,,,
help_center,Categories,POST,/api/v2/help_center/{locale}/categories,CreateCategory,Create Category by Locale,,,
help_center,Categories,DELETE,/api/v2/help_center/{locale}/categories/{category_id},DeleteCategory,Delete Category by Locale,,,
help_center,Categories,GET,/api/v2/help_center/{locale}/categories/{category_id},ShowCategory,Show Category by Locale,,,
help_center,Categories,PUT,/api/v2/help_center/{locale}/categories/{category_id},UpdateCategory,Update Category by Locale,,,
help_center,Categories,PUT,/api/v2/help_center/{locale}/categories/{category_id}/source_locale,UpdateCategorySourceLocale,Update Category Source Locale by Locale,,,
help_center,Content Subscriptions,GET,/api/v2/community/posts/{post_id}/subscriptions,ListPostSubscriptions,List Post Subscriptions,,,
help_center,Content Subscriptions,POST,/api/v2/community/posts/{post_id}/subscriptions,CreatePostSubscription,Create Post Subscription,,,
help_center,Content Subscriptions,DELETE,/api/v2/community/posts/{post_id}/subscriptions/{subscription_id},DeletePostSubscription,Delete Post Subscription,,,
help_center,Content Subscriptions,GET,/api/v2/community/posts/{post_id}/subscriptions/{subscription_id},ShowPostSubscription,Show Post Subscription,,,
help_center,Content Subscriptions,GET,/api/v2/community/topics/{topic_id}/subscriptions,ListTopicSubscriptions,List Topic Subscriptions,,,
help_center,Content Subscriptions,POST,/api/v2/community/topics/{topic_id}/subscriptions,CreateTopicSubscription,Create Topic Subscription,,,
help_center,Content Subscriptions,DELETE,/api/v2/community/topics/{topic_id}/subscriptions/{subscription_id},DeleteTopicSubscription,Delete Topic Subscription,,,
help_center,Content Subscriptions,GET,/api/v2/community/topics/{topic_id}/subscriptions/{subscription_id},ShowTopicSubscription,Show Topic Subscription,,,
help_center,Content Subscriptions,PUT,/api/v2/community/topics/{topic_id}/subscriptions/{subscription_id},UpdateTopicSubscription,Update Topic Subscription,,,
help_center,Content Subscriptions,GET,/api/v2/help_center/articles/{article_id}/subscriptions,ListArticleSubscriptionsNoLocale,List Article Subscriptions,,,
help_center,Content Subscriptions,POST,/api/v2/help_center/articles/{article_id}/subscriptions,CreateArticleSubscriptionNoLocale,Create Article Subscription,,,
help_center,Content Subscriptions,DELETE,/api/v2/help_center/articles/{article_id}/subscriptions/{subscription_id},DeleteArticleSubscriptionNoLocale,Delete Article Subscription,,,
help_center,Content Subscriptions,GET,/api/v2/help_center/articles/{article_id}/subscriptions/{subscription_id},ShowArticleSubscriptionNoLocale,Show Article Subscription,,,
help_center,Content Subscriptions,GET,/api/v2/help_center/sections/{section_id}/subscriptions,ListSectionSubscriptionsNoLocale,List Section Subscriptions,,,
help_center,Content Subscriptions,POST,/api/v2/help_center/sections/{section_id}/subscriptions,CreateSectionSubscriptionNoLocale,Create Section Subscription,,,
help_center,Content Subscriptions,DELETE,/api/v2/help_center/sections/{section_id}/subscriptions/{subscription_id},DeleteSectionSubscriptionNoLocale,Delete Section Subscription,,,
help_center,Content Subscriptions,GET,/api/v2/help_center/sections/{section_id}/subscriptions/{subscription_id},ShowSectionSubscriptionNoLocale,Show Section Subscription,,,
help_center,Content Subscriptions,GET,/api/v2/help_center/users/{user_id}/subscriptions,ListContentSubscriptionsByUserId,List Content Subscriptions By User,,,
help_center,Content Subscriptions,GET,/api/v2/help_center/{locale}/articles/{article_id}/subscriptions,ListArticleSubscriptions,List Article Subscriptions by Locale,,,
help_center,Content Subscriptions,POST,/api/v2/help_center/{locale}/articles/{article_id}/subscriptions,CreateArticleSubscription,Create Article Subscription by Locale,,,
help_center,Content Subscriptions,DELETE,/api/v2/help_center/{locale}/articles/{article_id}/subscriptions/{subscription_id},DeleteArticleSubscription,Delete Article Subscription by Locale,,,
help_center,Content Subscriptions,GET,/api/v2/help_center/{locale}/articles/{article_id}/subscriptions/{subscription_id},ShowArticleSubscription,Show Article Subscription by Locale,,,
help_center,Content Subscriptions,GET,/api/v2/help_center/{locale}/sections/{section_id}/subscriptions,ListSectionSubscriptions,List Section Subscriptions by Locale,,,
help_center,Content Subscriptions,POST,/api/v2/help_center/{locale}/sections/{section_id}/subscriptions,CreateSectionSubscription,Create Section Subscription by Locale,,,
help_center,Content Subscriptions,DELETE,/api/v2/help_center/{locale}/sections/{section_id}/subscriptions/{subscription_id},DeleteSectionSubscription,Delete Section Subscription by Locale,,,
help_center,Content Subscriptions,GET,/api/v2/help_center/{locale}/sections/{section_id}/subscriptions/{subscription_id},ShowSectionSubscription,Show Section Subscription by Locale,,,
help_center,Help Center Search,GET,/api/v2/guide/search,UnifiedSearch,Unified Search,,,
help_center,Help Center Search,GET,/api/v2/help_center/articles/embeddable_search,EmbeddableArticleSearch,Embeddable Widget Search,offset,,
help_center,Help Center Search,GET,/api/v2/help_center/articles/search,ArticleSearch,Search Articles,,,
help_center,Help Center Search,GET,/api/v2/help_center/community_posts/search,CommunityPostSearch,Search Posts,,,
help_center,Help Center Search,GET,/api/v2/help_center/deflection/suggestions,ListDeflectionSuggestions,List Suggested Articles,,,
help_center,Help Center Search,GET,/hc/api/v2/articles/featured,ListFeaturedArticles,List Featured Articles,,,
help_center,Help Center Sessions,GET,/api/v2/help_center/sessions,ShowHelpCenterSession,Show Help Center Session,,,
help_center,Post Comments,GET,/api/v2/community/posts/{post_id}/comments,ListPostComments,List Comments,,,
help_center,Post Comments,POST,/api/v2/community/posts/{post_id}/comments,CreatePostComment,Create Post Comment,,,
help_center,Post Comments,DELETE,/api/v2/community/posts/{post_id}/comments/{post_comment_id},DeletePostComment,Delete Comment,,,
help_center,Post Comments,GET,/api/v2/community/posts/{post_id}/comments/{post_comment_id},ShowPostComment,Show Comment,,,
help_center,Post Comments,PUT,/api/v2/community/posts/{post_id}/comments/{post_comment_id},UpdatePostComment,Update Comment,,,
help_center,Post Comments,GET,/api/v2/community/users/{user_id}/comments,ListPostCommentsByUserNoLocale,List Post Comments by User,,,
help_center,Post Comments,GET,/api/v2/help_center/{locale}/community/posts/{post_id}/comments/{post_comment_id},ShowPostCommentByLocale,Show Post Comment by Locale,,,
help_center,Posts,GET,/api/v2/community/posts,ListPosts,List Posts,,,
help_center,Posts,POST,/api/v2/community/posts,CreatePost,Create Post,,,
help_center,Posts,DELETE,/api/v2/community/posts/{post_id},DeletePost,Delete Post,,,
help_center,Posts,GET,/api/v2/community/posts/{post_id},ShowPost,Show Post,,,
help_center,Posts,PUT,/api/v2/community/posts/{post_id},UpdatePost,Update Post,,,
help_center,Posts,GET,/api/v2/community/topics/{topic_id}/posts,ListPostsByTopicNoLocale,List Posts in Topic,,,
help_center,Posts,GET,/api/v2/community/users/{user_id}/posts,ListPostsByUserNoLocale,List Posts by User,,,
help_center,Sections,GET,/api/v2/help_center/categories/{category_id}/sections,ListSectionsByCategory,List Sections in Category,,,
help_center,Sections,POST,/api/v2/help_center/categories/{category_id}/sections,CreateSectionByCategory,Create Section in Category,,,
help_center,Sections,GET,/api/v2/help_center/sections,ListSectionsNoLocale,List Sections,,,
help_center,Sections,DELETE,/api/v2/help_center/sections/{section_id},DeleteSectionNoLocale,Delete Section,,,
help_center,Sections,GET,/api/v2/help_center/sections/{section_id},ShowSectionNoLocale,Show Section,,,
help_center,Sections,PUT,/api/v2/help_center/sections/{section_id},UpdateSectionNoLocale,Update Section,,,
help_center,Sections,PUT,/api/v2/help_center/sections/{section_id}/source_locale,UpdateSectionSourceLocaleNoLocale,Update Section Source Locale,,,
help_center,Sections,GET,/api/v2/help_center/{locale}/categories/{category_id}/sections,ListSectionsByCategoryWithLocale,List Sections in Category by Locale,,,
help_center,Sections,POST,/api/v2/help_center/{locale}/categories/{category_id}/sections,CreateSection,Create Section,,,
help_center,Sections,GET,/api/v2/help_center/{locale}/sections,ListSections,List Sections by Locale,,,
help_center,Sections,DELETE,/api/v2/help_center/{locale}/sections/{section_id},DeleteSection,Delete Section by Locale,,,
help_center,Sections,GET,/api/v2/help_center/{locale}/sections/{section_id},ShowSection,Show Section by Locale,,,
help_center,Sections,PUT,/api/v2/help_center/{locale}/sections/{section_id},UpdateSection,Update Section by Locale,,,
help_center,Sections,PUT,/api/v2/help_center/{locale}/sections/{section_id}/source_locale,UpdateSectionSourceLocale,Update Section Source Locale by Locale,,,
help_center,Service Catalog Items,GET,/api/v2/help_center/service_catalog/items,ListAllServiceCatalogItems,List Service Catalog Items,,,
help_center,Service Catalog Items,GET,/api/v2/help_center/service_catalog/items/search,SearchServiceCatalogItems,Search Service Catalog Items,,,
help_center,Service Catalog Items,GET,/api/v2/help_center/service_catalog/items/{item_id},ShowServiceCatalogItem,Show Service Catalog Item,,,
help_center,Topics,GET,/api/v2/community/topics,ListTopics,List Topics,,,
help_center,Topics,POST,/api/v2/community/topics,CreateTopic,Create Topic,,,
help_center,Topics,DELETE,/api/v2/community/topics/{topic_id},DeleteTopic,Delete Topic,,,
help_center,Topics,GET,/api/v2/community/topics/{topic_id},ShowTopic,Show Topic,,,
help_center,Topics,PUT,/api/v2/community/topics/{topic_id},UpdateTopic,Update Topic,,,
help_center,Translations,GET,/api/v2/help_center/articles/{article_id}/translations,ListTranslations,List Translations,,,
help_center,Translations,POST,/api/v2/help_center/articles/{article_id}/translations,CreateTranslation,Create Translation,,,
help_center,Translations,GET,/api/v2/help_center/articles/{article_id}/translations/missing,ListMissingTranslations,List Missing Translations,,,
help_center,Translations,GET,/api/v2/help_center/articles/{article_id}/translations/{locale},ShowTranslation,Show Translation,,,
help_center,Translations,PUT,/api/v2/help_center/articles/{article_id}/translations/{locale},UpdateTranslation,Update Translation,,,
help_center,Translations,GET,/api/v2/help_center/categories/{category_id}/translations,ListTranslationsByCategoryNoLocale,List Category Translations,,,
help_center,Translations,POST,/api/v2/help_center/categories/{category_id}/translations,CreateTranslationByCategoryNoLocale,Create Category Translation,,,
help_center,Translations,GET,/api/v2/help_center/categories/{category_id}/translations/missing,ListMissingTranslationsByCategory,List Missing Category Translations,,,
help_center,Translations,GET,/api/v2/help_center/categories/{category_id}/translations/{locale},ShowTranslationByCategoryNoLocale,Show Category Translation,,,
help_center,Translations,PUT,/api/v2/help_center/categories/{category_id}/translations/{locale},UpdateTranslationByCategoryNoLocale,Update Category Translation,,,
help_center,Translations,GET,/api/v2/help_center/locales,ListLocales,List Enabled Locales and Default Locale,,,
help_center,Translations,GET,/api/v2/help_center/sections/{section_id}/translations,ListTranslationsBySectionNoLocale,List Section Translations,,,
help_center,Translations,POST,/api/v2/help_center/sections/{section_id}/translations,CreateTranslationBySectionNoLocale,Create Section Translation,,,
help_center,Translations,GET,/api/v2/help_center/sections/{section_id}/translations/missing,ListMissingTranslationsBySection,List Missing Section Translations,,,
help_center,Translations,GET,/api/v2/help_center/sections/{section_id}/translations/{locale},ShowTranslationBySectionNoLocale,Show Section Translation,,,
help_center,Translations,PUT,/api/v2/help_center/sections/{section_id}/translations/{locale},UpdateTranslationBySectionNoLocale,Update Section Translation,,,
help_center,Translations,DELETE,/api/v2/help_center/translations/{translation_id},DeleteTranslation,Delete Translation,,,
help_center,User Images,POST,/api/v2/guide/user_images,CreateUserImage,Create Image Path,,,
help_center,User Images,POST,/api/v2/guide/user_images/uploads,RequestUserImageUpload,Create Image Upload URL and Token,,,
help_center,User Segments,GET,/api/v2/help_center/user_segments,ListUserSegments,List User Segments,,,
help_center,User Segments,POST,/api/v2/help_center/user_segments,CreateUserSegment,Create User Segment,,,
help_center,User Segments,GET,/api/v2/help_center/user_segments/applicable,ListUserSegmentsApplicable,List Applicable User Segments,,,
help_center,User Segments,DELETE,/api/v2/help_center/user_segments/{user_segment_id},DeleteUserSegment,Delete User Segment,,,
help_center,User Segments,GET,/api/v2/help_center/user_segments/{user_segment_id},ShowUserSegment,Show User Segment,,,
help_center,User Segments,PUT,/api/v2/help_center/user_segments/{user_segment_id},UpdateUserSegment,Update User Segment,,,
help_center,User Segments,GET,/api/v2/help_center/user_segments/{user_segment_id}/sections,ListUserSegmentSections,List Sections with User Segment,,,
help_center,User Segments,GET,/api/v2/help_center/user_segments/{user_segment_id}/topics,ListUserSegmentTopics,List Topics with User Segment,,,
help_center,User Segments,GET,/api/v2/help_center/users/{user_id}/user_segments,ListUserSegmentsByUser,List User Segments by User,,,
help_center,User Subscriptions,GET,/api/v2/help_center/users/{user_id}/user_subscriptions,ListUserSubscriptionsByUserId,List User Subscriptions By User,,,
help_center,User Subscriptions,POST,/api/v2/help_center/users/{user_id}/user_subscriptions,CreateUserSubscriptionByUserId,Create User Subscription,,,
help_center,User Subscriptions,DELETE,/api/v2/help_center/users/{user_id}/user_subscriptions/{subscription_id},DeleteUserSubscriptionByUserId,Delete User Subscription,,,
help_center,Votes,POST,/api/v2/community/posts/{post_id}/comments/{comment_id}/down,DownvotePostComment,Downvote Post Comment,,,
help_center,Votes,POST,/api/v2/community/posts/{post_id}/comments/{comment_id}/up,UpvotePostComment,Upvote Post Comment,,,
help_center,Votes,GET,/api/v2/community/posts/{post_id}/comments/{comment_id}/votes,ListPostCommentVotes,List Post Comment Votes,,,
help_center,Votes,POST,/api/v2/community/posts/{post_id}/down,DownvotePost,Downvote Post,,,
help_center,Votes,POST,/api/v2/community/posts/{post_id}/up,UpvotePost,Upvote Post,,,
help_center,Votes,GET,/api/v2/community/posts/{post_id}/votes,ListPostVotes,List Post Votes,,,
help_center,Votes,POST,/api/v2/help_center/articles/{article_id}/comments/{comment_id}/down,DownvoteArticleCommentNoLocale,Downvote Article Comment,,,
help_center,Votes,POST,/api/v2/help_center/articles/{article_id}/comments/{comment_id}/up,UpvoteArticleCommentNoLocale,Upvote Article Comment,,,
help_center,Votes,GET,/api/v2/help_center/articles/{article_id}/comments/{comment_id}/votes,ListArticleCommentVotesNoLocale,List Article Comment Votes,,,
help_center,Votes,POST,/api/v2/help_center/articles/{article_id}/down,DownvoteArticleNoLocale,Downvote Article,,,
help_center,Votes,POST,/api/v2/help_center/articles/{article_id}/up,UpvoteArticleNoLocale,Upvote Article,,,
help_center,Votes,GET,/api/v2/help_center/articles/{article_id}/votes,ListArticleVotesNoLocale,List Article Votes,,,
help_center,Votes,GET,/api/v2/help_center/users/{user_id}/votes,ListUserVotes,List Votes by User,,,
help_center,Votes,GET,/api/v2/help_center/votes,ListVotesNoUser,List All Votes,,,
help_center,Votes,DELETE,/api/v2/help_center/votes/{vote_id},DeleteVote,Delete Vote,,,
help_center,Votes,GET,/api/v2/help_center/votes/{vote_id},ShowVote,Show Vote,,,
help_center,Votes,GET,/api/v2/help_center/{locale}/articles/{article_id}/comments/{comment_id}/votes,ListArticleCommentVotesWithLocale,List Article Comment Votes by Locale,,,
help_center,Votes,POST,/api/v2/help_center/{locale}/articles/{article_id}/up,CreateArticleUpVote,Create Vote,,,
help_center,Votes,GET,/api/v2/help_center/{locale}/articles/{article_id}/votes,ListArticleVotesWithLocale,List Article Votes by Locale,,,
ticketing,API Tokens,GET,/api/v2/api_tokens,ListApiTokens,List API Tokens,,yes,
ticketing,API Tokens,POST,/api/v2/api_tokens,CreateApiToken,Create API Token,,yes,
ticketing,API Tokens,DELETE,/api/v2/api_tokens/{id},DeleteApiToken,Delete API Token,,yes,
ticketing,API Tokens,PUT,/api/v2/api_tokens/{id},UpdateApiToken,Update API Token,,yes,
ticketing,Account Settings,GET,/api/v2/account/email_settings,GetAccountEmailSettings,Show Email Settings,,,
ticketing,Account Settings,PUT,/api/v2/account/email_settings,UpdateAccountEmailSettings,Update Email Settings,,,
ticketing,Account Settings,GET,/api/v2/account/settings,ShowAccountSettings,Show Settings,,,
ticketing,Account Settings,PUT,/api/v2/account/settings,UpdateAccountSettings,Update Account Settings,,,
ticketing,Activity Stream,GET,/api/v2/activities,ListActivities,List Activities,dual,,yes
ticketing,Activity Stream,GET,/api/v2/activities/count,CountActivities,Count Activities,,,
ticketing,Activity Stream,GET,/api/v2/activities/{activity_id},ShowActivity,Show Activity,,,
ticketing,Approval Requests,GET,/api/v2/approval_requests,ListApprovalRequests,List Approval Requests,,,
ticketing,Approval Requests,POST,/api/v2/approval_requests,CreateApprovalRequest,Create Approval Request,,,
ticketing,Attachments,DELETE,/api/v2/attachments/{attachment_id},DeleteAttachment,Delete Attachment,,,
ticketing,Attachments,GET,/api/v2/attachments/{attachment_id},ShowAttachment,Show Attachment,,,
ticketing,Attachments,PUT,/api/v2/attachments/{attachment_id},UpdateAttachment,Update Attachment for Malware,,,
ticketing,Attachments,PUT,/api/v2/tickets/{ticket_id}/comments/{comment_id}/attachments/{attachment_id}/redact,RedactCommentAttachment,Redact Comment Attachment,,,
ticketing,Attachments,POST,/api/v2/uploads,UploadFiles,Upload Files,,,
ticketing,Attachments,DELETE,/api/v2/uploads/{token},DeleteUpload,Delete Upload,,,
ticketing,Audit Logs,GET,/api/v2/audit_logs,ListAuditLogs,List Audit Logs,cursor,,
ticketing,Audit Logs,POST,/api/v2/audit_logs/export,ExportAuditLogs,Export Audit Logs,,,
ticketing,Audit Logs,GET,/api/v2/audit_logs/{audit_log_id},ShowAuditLog,Show Audit Log,,,
ticketing,Automations,GET,/api/v2/automations,ListAutomations,List Automations,dual,,yes
ticketing,Automations,POST,/api/v2/automations,CreateAutomation,Create Automation,,,
ticketing,Automations,GET,/api/v2/automations/active,ListActiveAutomations,List Active Automations,,,
ticketing,Automations,DELETE,/api/v2/automations/destroy_many,BulkDeleteAutomations,Bulk Delete Automations,,,
ticketing,Automations,GET,/api/v2/automations/search,SearchAutomations,Search Automations,,,
ticketing,Automations,PUT,/api/v2/automations/update_many,UpdateManyAutomations,Update Many Automations,,,
ticketing,Automations,DELETE,/api/v2/automations/{automation_id},DeleteAutomation,Delete Automation,,,
ticketing,Automations,GET,/api/v2/automations/{automation_id},ShowAutomation,Show Automation,,,
ticketing,Automations,PUT,/api/v2/automations/{automation_id},UpdateAutomation,Update Automation,,,
ticketing,Basics,POST,/api/v2/channels/voice/agents/{agent_id}/tickets/{ticket_id}/display,OpenTicketInAgentBrowser,Open Ticket in Agent's Browser,,,
ticketing,Basics,POST,/api/v2/channels/voice/agents/{agent_id}/users/{user_id}/display,OpenUsersProfileInAgentBrowser,Open a User's Profile in an Agent's Browser,,,
ticketing,Basics,POST,/api/v2/channels/voice/tickets,CreateTicketOrVoicemailTicket,Create Ticket or Voicemail Ticket,,,
ticketing,Bookmarks,GET,/api/v2/bookmarks,ListBookmarks,List Bookmarks,,,
ticketing,Bookmarks,POST,/api/v2/bookmarks,CreateBookmark,Create Bookmark,,,
ticketing,Bookmarks,DELETE,/api/v2/bookmarks/{bookmark_id},DeleteBookmark,Delete Bookmark,,,
ticketing,Brand Agents,GET,/api/v2/brand_agents,ListBrandAgents,List Brand Agent Memberships,dual,,
ticketing,Brand Agents,DELETE,/api/v2/brand_agents/{brand_agent_id},DeleteBrandAgentById,Delete Brand Agent Membership,,,
ticketing,Brand Agents,GET,/api/v2/brand_agents/{brand_agent_id},ShowBrandAgentById,Show Brand Agent Membership,,,
ticketing,Brand Agents,GET,/api/v2/brands/{brand_id}/agents,ListBrandAgentsByBrand,List Agents By Brand,,,
ticketing,Brand Agents,GET,/api/v2/users/{user_id}/brand_agents,ListUserBrandAgents,List Brand Agent Memberships By User,,,
ticketing,Brand Agents,GET,/api/v2/users/{user_id}/brand_agents/{brand_agent_id},ShowUserBrandAgentById,Show Brand Agent Membership By User,,,
ticketing,Brands,GET,/api/v2/brands,ListBrands,List Brands,offset,,
ticketing,Brands,POST,/api/v2/brands,CreateBrand,Create Brand,,,
ticketing,Brands,GET,/api/v2/brands/check_host_mapping,CheckHostMappingValidity,Check Host Mapping Validity,,,
ticketing,Brands,DELETE,/api/v2/brands/{brand_id},DeleteBrand,Delete a Brand,,,
ticketing,Brands,GET,/api/v2/brands/{brand_id},ShowBrand,Show a Brand,,,
ticketing,Brands,PUT,/api/v2/brands/{brand_id},UpdateBrand,Update a Brand,,,
ticketing,Brands,GET,/api/v2/brands/{brand_id}/check_host_mapping,CheckHostMappingValidityForExistingBrand,Check Host Mapping Validity for an Existing Brand,,,
ticketing,Brands,DELETE,/api/v2/brands/{brand_id}/logo,DeleteBrandLogo,Delete a Brand Logo,,,
ticketing,Brands,PUT,/api/v2/brands/{brand_id}/logo,UpdateBrandLogo,Update a Brand Logo,,,
ticketing,Channel Framework,POST,/api/v2/any_channel/channelback/report_error,ReportChannelbackError,Report Channelback Error to Zendesk,,,
ticketing,Channel Framework,POST,/api/v2/any_channel/push,PushContentToSupport,Push Content to Support,,,
ticketing,Channel Framework,POST,/api/v2/any_channel/validate_token,ValidateToken,Validate Token,,,
ticketing,Conversation Log,GET,/api/v2/tickets/{ticket_id}/conversation_log,ListConversationLogForTicket,List Conversation log for Ticket,cursor,,
ticketing,Countries,GET,/api/v2/countries.json,ListCountries,List Countries and Calling Codes,,,
ticketing,Countries,GET,/api/v2/countries/{id}.json,ShowCountry,Show Country,,,
ticketing,Custom Object Fields,GET,/api/v2/custom_objects/{custom_object_key}/fields,ListCustomObjectFields,List Custom Object Fields,,,
ticketing,Custom Object Fields,POST,/api/v2/custom_objects/{custom_object_key}/fields,CreateCustomObjectField,Create Custom Object Field,,,
ticketing,Custom Object Fields,PUT,/api/v2/custom_objects/{custom_object_key}/fields/reorder,ReorderCustomObjectFields,Reorder Custom Fields of an Object,,,
ticketing,Custom Object Fields,DELETE,/api/v2/custom_objects/{custom_object_key}/fields/{custom_object_field_key_or_id},DeleteCustomObjectField,Delete Custom Object Field,,,
ticketing,Custom Object Fields,GET,/api/v2/custom_objects/{custom_object_key}/fields/{custom_object_field_key_or_id},ShowCustomObjectField,Show Custom Object Field,,,
ticketing,Custom Object Fields,PATCH,/api/v2/custom_objects/{custom_object_key}/fields/{custom_object_field_key_or_id},UpdateCustomObjectField,Update Custom Object Field,,,
ticketing,Custom Object Fields,GET,/api/v2/custom_objects/{custom_object_key}/limits/field_limit,CustomObjectFieldsLimit,Custom Object Fields Limit,,,
ticketing,Custom Object Permissions,GET,/api/v2/custom_objects/{custom_object_key}/access_rules,ListAccessRules,List Access Rules,,,
ticketing,Custom Object Permissions,POST,/api/v2/custom_objects/{custom_object_key}/access_rules,CreateAccessRule,Create Access Rule,,,
ticketing,Custom Object Permissions,GET,/api/v2/custom_objects/{custom_object_key}/access_rules/definitions,ListAccessRuleDefinitions,List Access Rule Definitions,,,
ticketing,Custom Object Permissions,DELETE,/api/v2/custom_objects/{custom_object_key}/access_rules/{id},DeleteAccessRule,Delete Access Rule,,,
ticketing,Custom Object Permissions,GET,/api/v2/custom_objects/{custom_object_key}/access_rules/{id},ShowAccessRule,Show Access Rule,,,
ticketing,Custom Object Permissions,PATCH,/api/v2/custom_objects/{custom_object_key}/access_rules/{id},UpdateAccessRule,Update Access Rule,,,
ticketing,Custom Object Permissions,GET,/api/v2/custom_objects/{custom_object_key}/permission_policies,ListPermissionPolicies,List Permission Policies,,,
ticketing,Custom Object Permissions,GET,/api/v2/custom_objects/{custom_object_key}/permission_policies/{id},ShowPermissionPolicy,Show Permission Policy,,,
ticketing,Custom Object Permissions,PATCH,/api/v2/custom_objects/{custom_object_key}/permission_policies/{id},UpdatePermissionPolicy,Update Permission Policy,,,
ticketing,Custom Object Record Attachments,GET,/api/v2/custom_objects/{custom_object_key}/records/{record_id}/attachments,ListCustomObjectRecordAttachments,List Custom Object Record Attachments,,,
ticketing,Custom Object Record Attachments,POST,/api/v2/custom_objects/{custom_object_key}/records/{record_id}/attachments,CreateCustomObjectRecordAttachment,Create Custom Object Record Attachment,,,
ticketing,Custom Object Record Attachments,DELETE,/api/v2/custom_objects/{custom_object_key}/records/{record_id}/attachments/{id},DeleteCustomObjectRecordAttachment,Delete Custom Object Record Attachment,,,
ticketing,Custom Object Record Attachments,PUT,/api/v2/custom_objects/{custom_object_key}/records/{record_id}/attachments/{id},UpdateCustomObjectRecordAttachment,Update Custom Object Record Attachment for Malware,,,
ticketing,Custom Object Record Attachments,GET,/api/v2/custom_objects/{custom_object_key}/records/{record_id}/attachments/{id}/download,DownloadCustomObjectRecordAttachment,Download Custom Object Record Attachment,,,
ticketing,Custom Object Records,GET,/api/v2/custom_objects/limits/record_limit,CustomObjectRecordsLimit,Custom Object Records Limit,,,
ticketing,Custom Object Records,POST,/api/v2/custom_objects/{custom_object_key}/jobs,CustomObjectRecordBulkJobs,Custom Object Record Bulk Jobs,,,
ticketing,Custom Object Records,DELETE,/api/v2/custom_objects/{custom_object_key}/records,DeleteCustomObjectRecordByExternalIdOrName,Delete Custom Object Record by External Id Or Name,,,
ticketing,Custom Object Records,GET,/api/v2/custom_objects/{custom_object_key}/records,ListCustomObjectRecords,List Custom Object Records,,,
ticketing,Custom Object Records,PATCH,/api/v2/custom_objects/{custom_object_key}/records,UpsertCustomObjectRecordByExternalIdOrName,Create or Update Custom Object Record,,,
ticketing,Custom Object Records,POST,/api/v2/custom_objects/{custom_object_key}/records,CreateCustomObjectRecord,Create Custom Object Record,,,
ticketing,Custom Object Records,GET,/api/v2/custom_objects/{custom_object_key}/records/autocomplete,AutocompleteCustomObjectRecordSearch,Autocomplete Custom Object Record Search,,,
ticketing,Custom Object Records,GET,/api/v2/custom_objects/{custom_object_key}/records/count,CountCustomObjectRecords,Count Custom Object Records,,,
ticketing,Custom Object Records,GET,/api/v2/custom_objects/{custom_object_key}/records/search,SearchCustomObjectRecords,Search Custom Object Records,,,
ticketing,Custom Object Records,POST,/api/v2/custom_objects/{custom_object_key}/records/search,FilteredSearchCustomObjectRecords,Filtered Search of Custom Object Records,,,
ticketing,Custom Object Records,DELETE,/api/v2/custom_objects/{custom_object_key}/records/{custom_object_record_id},DeleteCustomObjectRecord,Delete Custom Object Record,,,
ticketing,Custom Object Records,GET,/api/v2/custom_objects/{custom_object_key}/records/{custom_object_record_id},ShowCustomObjectRecord,Show Custom Object Record,,,
ticketing,Custom Object Records,PATCH,/api/v2/custom_objects/{custom_object_key}/records/{custom_object_record_id},UpdateCustomObjectRecord,Update Custom Object Record,,,
ticketing,Custom Object Records,GET,/api/v2/incremental/custom_objects/{custom_object_key}/cursor,IncrementalCustomObjectRecordExportCursor,"Incremental Custom Object Record Export, Cursor Based",,,
ticketing,Custom Objects,GET,/api/v2/custom_objects,ListCustomObjects,List Custom Objects,,,
ticketing,Custom Objects,POST,/api/v2/custom_objects,CreateCustomObject,Create Custom Object,,,
ticketing,Custom Objects,GET,/api/v2/custom_objects/limits/object_limit,CustomObjectsLimit,Custom Objects Limit,,,
ticketing,Custom Objects,DELETE,/api/v2/custom_objects/{custom_object_key},DeleteCustomObject,Delete Custom Object,,,
ticketing,Custom Objects,GET,/api/v2/custom_objects/{custom_object_key},ShowCustomObject,Show Custom Object,,,
ticketing,Custom Objects,PATCH,/api/v2/custom_objects/{custom_object_key},UpdateCustomObject,Update Custom Object,,,
ticketing,Custom Roles,GET,/api/v2/custom_roles,ListCustomRoles,List Custom Roles,,,
ticketing,Custom Roles,POST,/api/v2/custom_roles,CreateCustomRole,Create Custom Role,,,
ticketing,Custom Roles,DELETE,/api/v2/custom_roles/{custom_role_id},DeleteCustomRoleById,Delete Custom Role,,,
ticketing,Custom Roles,GET,/api/v2/custom_roles/{custom_role_id},ShowCustomRoleById,Show Custom Role,,,
ticketing,Custom Roles,PUT,/api/v2/custom_roles/{custom_role_id},UpdateCustomRoleById,Update Custom Role,,,
ticketing,Custom Ticket Statuses,PUT,/api/v2/custom_status/default,BulkUpdateDefaultCustomStatus,Bulk Update Default Custom Ticket Status,,,
ticketing,Custom Ticket Statuses,GET,/api/v2/custom_statuses,ListCustomStatuses,List Custom Ticket Statuses,,,
ticketing,Custom Ticket Statuses,POST,/api/v2/custom_statuses,CreateCustomStatus,Create Custom Ticket Status,,,
ticketing,Custom Ticket Statuses,DELETE,/api/v2/custom_statuses/{custom_status_id},DeleteCustomStatus,Delete Custom Ticket Status,,,
ticketing,Custom Ticket Statuses,GET,/api/v2/custom_statuses/{custom_status_id},ShowCustomStatus,Show Custom Ticket Status,,,
ticketing,Custom Ticket Statuses,PUT,/api/v2/custom_statuses/{custom_status_id},UpdateCustomStatus,Update Custom Ticket Status,,,
ticketing,Custom Ticket Statuses,POST,/api/v2/custom_statuses/{custom_status_id}/ticket_form_statuses,CreateTicketFormStatusesForCustomStatus,Create Ticket Form Statuses for a Custom Status,,,
ticketing,Deletion Schedules,GET,/api/v2/deletion_schedules,ListDeletionSchedules,List Deletion Schedules,,,
ticketing,Deletion Schedules,POST,/api/v2/deletion_schedules,CreateDeletionSchedule,Create Deletion Schedule,,,
ticketing,Deletion Schedules,DELETE,/api/v2/deletion_schedules/{deletion_schedule_id},DeleteDeletionSchedule,Delete Deletion Schedule,,,
ticketing,Deletion Schedules,GET,/api/v2/deletion_schedules/{deletion_schedule_id},GetDeletionSchedule,Get Deletion Schedule,,,
ticketing,Deletion Schedules,PUT,/api/v2/deletion_schedules/{deletion_schedule_id},UpdateDeletionSchedule,Update Deletion Schedule,,,
ticketing,Dynamic Content,GET,/api/v2/dynamic_content/items,ListDynamicContents,List Items,dual,,
ticketing,Dynamic Content,POST,/api/v2/dynamic_content/items,CreateDynamicContent,Create Item,,,
ticketing,Dynamic Content,GET,/api/v2/dynamic_content/items/show_many,ShowManyDynamicContents,Show Many Items,,,
ticketing,Dynamic Content,DELETE,/api/v2/dynamic_content/items/{dynamic_content_item_id},DeleteDynamicContentItem,Delete Item,,,
ticketing,Dynamic Content,GET,/api/v2/dynamic_content/items/{dynamic_content_item_id},ShowDynamicContentItem,Show Item,,,
ticketing,Dynamic Content,PUT,/api/v2/dynamic_content/items/{dynamic_content_item_id},UpdateDynamicContentItem,Update Item,,,
ticketing,Dynamic Content Item Variants,GET,/api/v2/dynamic_content/items/{dynamic_content_item_id}/variants,DynamicContentListVariants,List Variants,dual,,
ticketing,Dynamic Content Item Variants,POST,/api/v2/dynamic_content/items/{dynamic_content_item_id}/variants,CreateDynamicContentVariant,Create Variant,,,
ticketing,Dynamic Content Item Variants,POST,/api/v2/dynamic_content/items/{dynamic_content_item_id}/variants/create_many,CreateManyDynamicContentVariants,Create Many Variants,,,
ticketing,Dynamic Content Item Variants,PUT,/api/v2/dynamic_content/items/{dynamic_content_item_id}/variants/update_many,UpdateManyDynamicContentVariants,Update Many Variants,,,
ticketing,Dynamic Content Item Variants,DELETE,/api/v2/dynamic_content/items/{dynamic_content_item_id}/variants/{dynamic_content_variant_id},DeleteDynamicContentVariant,Delete Variant,,,
ticketing,Dynamic Content Item Variants,GET,/api/v2/dynamic_content/items/{dynamic_content_item_id}/variants/{dynamic_content_variant_id},ShowDynamicContentVariant,Show Variant,,,
ticketing,Dynamic Content Item Variants,PUT,/api/v2/dynamic_content/items/{dynamic_content_item_id}/variants/{dynamic_content_variant_id},UpdateDynamicContentVariant,Update Variant,,,
ticketing,Email Notifications,GET,/api/v2/email_notifications,ListEmailNotifications,List Email Notifications,,,
ticketing,Email Notifications,GET,/api/v2/email_notifications/show_many,ShowManyEmailNotifications,Show Many Email Notifications,,,
ticketing,Email Notifications,GET,/api/v2/email_notifications/{notification_id},ShowEmailNotification,Show Email Notification,,,
ticketing,Global Clients,GET,/api/v2/oauth/global_clients,ListGlobalOAuthClients,List Global OAuth Clients,cursor,,
ticketing,Global Clients,GET,/api/v2/oauth/global_clients/token_summary,GlobalOAuthClientsTokenSummary,Show Token summary for Global OAuth Clients,,,
ticketing,Global Clients,GET,/api/v2/oauth/global_clients/{global_client_id},ShowGlobalClient,Show Global OAuth Client,,,
ticketing,Grant Type Tokens,POST,/oauth/tokens,CreateTokenForGrantType,Create Token for Grant Type,,,
ticketing,Group Memberships,GET,/api/v2/group_memberships,ListGroupMemberships,List Memberships,dual,,yes
ticketing,Group Memberships,POST,/api/v2/group_memberships,CreateGroupMembership,Create Membership,,,
ticketing,Group Memberships,GET,/api/v2/group_memberships/assignable,ListAssignableGroupMemberships,List Assignable Memberships,,,
ticketing,Group Memberships,POST,/api/v2/group_memberships/create_many,GroupMembershipBulkCreate,Bulk Create Memberships,,,
ticketing,Group Memberships,DELETE,/api/v2/group_memberships/destroy_many,GroupMembershipBulkDelete,Bulk Delete Memberships,,,
ticketing,Group Memberships,DELETE,/api/v2/group_memberships/{group_membership_id},DeleteGroupMembership,Delete Membership,,,
ticketing,Group Memberships,GET,/api/v2/group_memberships/{group_membership_id},ShowGroupMembershipById,Show Membership,,,
ticketing,Group Memberships,GET,/api/v2/groups/{group_id}/memberships,ListGroupMembershipsByGroup,List Memberships By Group,,,
ticketing,Group Memberships,GET,/api/v2/groups/{group_id}/memberships/assignable,ListAssignableGroupMembershipsByGroup,List Assignable Memberships By Group,,,
ticketing,Group Memberships,GET,/api/v2/users/{user_id}/group_memberships,ListUserGroupMemberships,List Group Memberships by User,dual,,yes
ticketing,Group Memberships,POST,/api/v2/users/{user_id}/group_memberships,CreateUserGroupMembership,Create Group Membership for User,,,
ticketing,Group Memberships,DELETE,/api/v2/users/{user_id}/group_memberships/{group_membership_id},DeleteUserGroupMembership,Delete User's Group Membership,,,
ticketing,Group Memberships,GET,/api/v2/users/{user_id}/group_memberships/{group_membership_id},ShowUserGroupMembershipById,Show User's Group Membership,,,
ticketing,Group Memberships,PUT,/api/v2/users/{user_id}/group_memberships/{group_membership_id}/make_default,GroupMembershipSetDefault,Set Membership as Default,,,
ticketing,Group SLA Policies,GET,/api/v2/group_slas/policies,ListGroupSLAPolicies,List Group SLA Policies,,,
ticketing,Group SLA Policies,POST,/api/v2/group_slas/policies,CreateGroupSLAPolicy,Create Group SLA Policy,,,
ticketing,Group SLA Policies,GET,/api/v2/group_slas/policies/definitions,RetrieveGroupSLAPolicyFilterDefinitionItems,Retrieve Supported Filter Definition Items,,,
ticketing,Group SLA Policies,PUT,/api/v2/group_slas/policies/reorder,ReorderGroupSLAPolicies,Reorder Group SLA Policies,,,
ticketing,Group SLA Policies,DELETE,/api/v2/group_slas/policies/{group_sla_policy_id},DeleteGroupSLAPolicy,Delete Group SLA Policy,,,
ticketing,Group SLA Policies,GET,/api/v2/group_slas/policies/{group_sla_policy_id},ShowGroupSLAPolicy,Show Group SLA Policy,,,
ticketing,Group SLA Policies,PUT,/api/v2/group_slas/policies/{group_sla_policy_id},UpdateGroupSLAPolicy,Update Group SLA Policy,,,
ticketing,Groups,GET,/api/v2/groups,ListGroups,List Groups,dual,,yes
ticketing,Groups,POST,/api/v2/groups,CreateGroup,Create Group,,,
ticketing,Groups,GET,/api/v2/groups/assignable,ListAssignableGroups,List Assignable Groups,,,
ticketing,Groups,GET,/api/v2/groups/autocomplete,AutocompleteGroups,Autocomplete Groups,,,
ticketing,Groups,GET,/api/v2/groups/available_agents,ListAvailableAgents,List Available Agents,cursor,,
ticketing,Groups,GET,/api/v2/groups/count,CountGroups,Count Groups,,,
ticketing,Groups,GET,/api/v2/groups/default,ShowDefaultGroup,Show Default Group,,,
ticketing,Groups,DELETE,/api/v2/groups/{group_id},DeleteGroup,Delete Group,,,
ticketing,Groups,GET,/api/v2/groups/{group_id},ShowGroupById,Show Group,,,yes
ticketing,Groups,PUT,/api/v2/groups/{group_id},UpdateGroup,Update Group,,,
ticketing,Groups,GET,/api/v2/users/{user_id}/groups,ListUserGroups,List User Groups,dual,,
ticketing,Groups,GET,/api/v2/users/{user_id}/groups/count,CountUserGroups,Count User Groups,,,
ticketing,ITAM Asset Fields,GET,/api/v2/it_asset_management/asset_types/{asset_type_id}/fields,ListItamAssetTypeFields,List Asset Fields,,,
ticketing,ITAM Asset Fields,POST,/api/v2/it_asset_management/asset_types/{asset_type_id}/fields,CreateItamAssetTypeField,Create Asset Field,,,
ticketing,ITAM Asset Fields,DELETE,/api/v2/it_asset_management/asset_types/{asset_type_id}/fields/{asset_type_field_id},DeleteItamAssetTypeField,Delete Asset Field,,,
ticketing,ITAM Asset Fields,GET,/api/v2/it_asset_management/asset_types/{asset_type_id}/fields/{asset_type_field_id},ShowItamAssetTypeField,Show Asset Field,,,
ticketing,ITAM Asset Fields,PATCH,/api/v2/it_asset_management/asset_types/{asset_type_id}/fields/{asset_type_field_id},UpdateItamAssetTypeField,Update Asset Field,,,
ticketing,ITAM Asset Locations,GET,/api/v2/it_asset_management/locations,ListItamLocations,List Asset Locations,,,
ticketing,ITAM Asset Locations,POST,/api/v2/it_asset_management/locations,CreateItamLocation,Create Asset Location,,,
ticketing,ITAM Asset Locations,DELETE,/api/v2/it_asset_management/locations/{location_id},DeleteItamLocation,Delete Asset Location,,,
ticketing,ITAM Asset Locations,GET,/api/v2/it_asset_management/locations/{location_id},ShowItamLocation,Show Asset Location,,,
ticketing,ITAM Asset Locations,PATCH,/api/v2/it_asset_management/locations/{location_id},UpdateItamLocation,Update Asset Location,,,
ticketing,ITAM Asset Statuses,GET,/api/v2/it_asset_management/statuses,ListItamStatuses,List Asset Statuses,,,
ticketing,ITAM Asset Statuses,POST,/api/v2/it_asset_management/statuses,CreateItamStatus,Create Asset Status,,,
ticketing,ITAM Asset Statuses,DELETE,/api/v2/it_asset_management/statuses/{status_id},DeleteItamStatus,Delete Asset Status,,,
ticketing,ITAM Asset Statuses,GET,/api/v2/it_asset_management/statuses/{status_id},ShowItamStatus,Show Asset Status,,,
ticketing,ITAM Asset Statuses,PATCH,/api/v2/it_asset_management/statuses/{status_id},UpdateItamStatus,Update Asset Status,,,
ticketing,ITAM Asset Types,GET,/api/v2/it_asset_management/asset_types,ListItamAssetTypes,List Asset Types,,,
ticketing,ITAM Asset Types,POST,/api/v2/it_asset_management/asset_types,CreateItamAssetType,Create Asset Type,,,
ticketing,ITAM Asset Types,DELETE,/api/v2/it_asset_management/asset_types/{asset_type_id},DeleteItamAssetType,Delete Asset Type,,,
ticketing,ITAM Asset Types,GET,/api/v2/it_asset_management/asset_types/{asset_type_id},ShowItamAssetType,Show Asset Type,,,
ticketing,ITAM Asset Types,PATCH,/api/v2/it_asset_management/asset_types/{asset_type_id},UpdateItamAssetType,Update Asset Type,,,
ticketing,ITAM Assets,GET,/api/v2/it_asset_management/assets,ListItamAssets,List Assets,,,
ticketing,ITAM Assets,POST,/api/v2/it_asset_management/assets,CreateItamAsset,Create Asset,,,
ticketing,ITAM Assets,POST,/api/v2/it_asset_management/assets/jobs,ItamAssetBulkJobs,Asset Bulk Jobs,,,
ticketing,ITAM Assets,GET,/api/v2/it_asset_management/assets/search,SearchItamAssets,Search Assets,,,
ticketing,ITAM Assets,POST,/api/v2/it_asset_management/assets/search,FilteredSearchItamAssets,Filtered Search of Assets,,,
ticketing,ITAM Assets,DELETE,/api/v2/it_asset_management/assets/{asset_id},DeleteItamAsset,Delete Asset,,,
ticketing,ITAM Assets,GET,/api/v2/it_asset_management/assets/{asset_id},ShowItamAsset,Show Asset,,,
ticketing,ITAM Assets,PATCH,/api/v2/it_asset_management/assets/{asset_id},UpdateItamAsset,Update Asset,,,
ticketing,Incremental Export,GET,/api/v2/incremental/organizations,IncrementalOrganizationExport,Incremental Organization Export,,,
ticketing,Incremental Export,GET,/api/v2/incremental/ticket_events,IncrementalTicketEvents,Incremental Ticket Event Export,,,yes
ticketing,Incremental Export,GET,/api/v2/incremental/tickets,IncrementalTicketExportTime,"Incremental Ticket Export, Time Based",,,
ticketing,Incremental Export,GET,/api/v2/incremental/tickets/cursor,IncrementalTicketExportCursor,"Incremental Ticket Export, Cursor Based",,,
ticketing,Incremental Export,GET,/api/v2/incremental/users,IncrementalUserExportTime,"Incremental User Export, Time Based",,,
ticketing,Incremental Export,GET,/api/v2/incremental/users/cursor,IncrementalUserExportCursor,"Incremental User Export, Cursor Based",,,
ticketing,Incremental Export,GET,/api/v2/incremental/{incremental_resource}/sample,IncrementalSampleExport,Incremental Sample Export,,,
ticketing,Incremental Skill Based Routing,GET,/api/v2/incremental/routing/attribute_values,IncrementalSkilBasedRoutingAttributeValuesExport,Incremental Attributes Values Export,,,
ticketing,Incremental Skill Based Routing,GET,/api/v2/incremental/routing/attributes,IncrementalSkilBasedRoutingAttributesExport,Incremental Attributes Export,,,
ticketing,Incremental Skill Based Routing,GET,/api/v2/incremental/routing/instance_values,IncrementalSkilBasedRoutingInstanceValuesExport,Incremental Instance Values Export,,,
ticketing,Job Statuses,GET,/api/v2/job_statuses,ListJobStatuses,List Job Statuses,cursor,,
ticketing,Job Statuses,GET,/api/v2/job_statuses/show_many,ShowManyJobStatuses,Show Many Job Statuses,,,
ticketing,Job Statuses,GET,/api/v2/job_statuses/{job_status_id},ShowJobStatus,Show Job Status,,,
ticketing,Locales,GET,/api/v2/locales,ListLocales,List Locales,,,
ticketing,Locales,GET,/api/v2/locales/agent,ListLocalesForAgent,List Locales for Agent,,,
ticketing,Locales,GET,/api/v2/locales/current,ShowCurrentLocale,Show Current Locale,,,
ticketing,Locales,GET,/api/v2/locales/detect_best_locale,DetectBestLocale,Detect Best Language for User,,,
ticketing,Locales,GET,/api/v2/locales/public,ListAvailablePublicLocales,List Available Public Locales,,,
ticketing,Locales,GET,/api/v2/locales/{locale_id},ShowLocaleById,Show Locale,,,
ticketing,Lookup Relationships,GET,/api/v2/relationships/definitions/{target_type},GetRelationshipFilterDefinitions,Filter Definitions,,,
ticketing,Lookup Relationships,GET,/api/v2/{target_type}/{target_id}/relationship_fields/{field_id}/{source_type},GetSourcesByTarget,Get sources by target,,,
ticketing,Macros,GET,/api/v2/macros,ListMacros,List Macros,dual,,yes
ticketing,Macros,POST,/api/v2/macros,CreateMacro,Create Macro,,,
ticketing,Macros,GET,/api/v2/macros/actions,ListMacrosActions,List Supported Actions for Macros,,,
ticketing,Macros,GET,/api/v2/macros/active,ListActiveMacros,List Active Macros,,,yes
ticketing,Macros,POST,/api/v2/macros/attachments,CreateMacroAttachment,Create Unassociated Macro Attachment,,,
ticketing,Macros,GET,/api/v2/macros/attachments/{attachment_id},ShowMacroAttachment,Show Macro Attachment,,,
ticketing,Macros,GET,/api/v2/macros/attachments/{attachment_id}/content,DownloadMacroAttachment,Download Macro Attachment,,,
ticketing,Macros,GET,/api/v2/macros/categories,ListMacroCategories,List Macro Categories,,,
ticketing,Macros,GET,/api/v2/macros/definitions,ListMacroActionDefinitions,List Macro Action Definitions,,,
ticketing,Macros,DELETE,/api/v2/macros/destroy_many,DeleteManyMacros,Bulk Delete Macros,,,
ticketing,Macros,GET,/api/v2/macros/groups,ListMacroGroups,List Macro Groups,dual,,
ticketing,Macros,GET,/api/v2/macros/most_used,ListMostUsedMacros,List Most Used Macros,,,
ticketing,Macros,GET,/api/v2/macros/new,ShowDerivedMacro,Show Macro Replica,,,
ticketing,Macros,GET,/api/v2/macros/search,SearchMacro,Search Macros,,,
ticketing,Macros,PUT,/api/v2/macros/update_many,UpdateManyMacros,Update Many Macros,,,
ticketing,Macros,DELETE,/api/v2/macros/{macro_id},DeleteMacro,Delete Macro,,,
ticketing,Macros,GET,/api/v2/macros/{macro_id},ShowMacro,Show Macro,,,
ticketing,Macros,PUT,/api/v2/macros/{macro_id},UpdateMacro,Update Macro,,,
ticketing,Macros,GET,/api/v2/macros/{macro_id}/apply,ShowChangesToTicket,Show Changes to Ticket,,,
ticketing,Macros,GET,/api/v2/macros/{macro_id}/attachments,ListMacroAttachments,List Macro Attachments,,,
ticketing,Macros,POST,/api/v2/macros/{macro_id}/attachments,CreateAssociatedMacroAttachment,Create Macro Attachment,,,
ticketing,Macros,GET,/api/v2/tickets/{ticket_id}/macros/{macro_id}/apply,ShowTicketAfterChanges,Show Ticket After Changes,,,
ticketing,OAuth Clients,GET,/api/v2/oauth/clients,ListOAuthClients,List Clients,cursor,,
ticketing,OAuth Clients,POST,/api/v2/oauth/clients,CreateOAuthClient,Create Client,,,
ticketing,OAuth Clients,DELETE,/api/v2/oauth/clients/{oauth_client_id},DeleteClient,Delete Client,,,
ticketing,OAuth Clients,GET,/api/v2/oauth/clients/{oauth_client_id},ShowClient,Show Client,,,
ticketing,OAuth Clients,PUT,/api/v2/oauth/clients/{oauth_client_id},UpdateClient,Update Client,,,
ticketing,OAuth Clients,PUT,/api/v2/oauth/clients/{oauth_client_id}/generate_secret,ClientGenerateSecret,Generate Secret,,,
ticketing,OAuth Clients,GET,/api/v2/users/me/oauth/clients,ListCurrentUserOAuthClients,List Current User's Clients,,,
ticketing,OAuth Tokens,GET,/api/v2/oauth/tokens,ListOAuthTokens,List Tokens,cursor,,
ticketing,OAuth Tokens,DELETE,/api/v2/oauth/tokens/current,RevokeCurrentOAuthToken,Revoke Current Token,,,
ticketing,OAuth Tokens,GET,/api/v2/oauth/tokens/current,ShowCurrentToken,Show Current Token,,,
ticketing,OAuth Tokens,DELETE,/api/v2/oauth/tokens/{oauth_token_id},RevokeOAuthToken,Revoke Token,,,
ticketing,OAuth Tokens,GET,/api/v2/oauth/tokens/{oauth_token_id},ShowToken,Show Token,,,
ticketing,Object Triggers,GET,/api/v2/custom_objects/{custom_object_key}/triggers,ListObjectTriggers,List Object Triggers,,,
ticketing,Object Triggers,POST,/api/v2/custom_objects/{custom_object_key}/triggers,CreateObjectTrigger,Create Object Trigger,,,
ticketing,Object Triggers,GET,/api/v2/custom_objects/{custom_object_key}/triggers/active,ListActiveObjectTriggers,List Active Object Triggers,,,
ticketing,Object Triggers,GET,/api/v2/custom_objects/{custom_object_key}/triggers/definitions,ListObjectTriggersDefinitions,List Object Trigger Action and Condition Definitions,,,
ticketing,Object Triggers,DELETE,/api/v2/custom_objects/{custom_object_key}/triggers/destroy_many,DeleteManyObjectTriggers,Delete Many Object Triggers,,,
ticketing,Object Triggers,GET,/api/v2/custom_objects/{custom_object_key}/triggers/search,SearchObjectTriggers,Search Object Triggers,,,
ticketing,Object Triggers,PUT,/api/v2/custom_objects/{custom_object_key}/triggers/update_many,UpdateManyObjectTriggers,Update Many Object Triggers,,,
ticketing,Object Triggers,DELETE,/api/v2/custom_objects/{custom_object_key}/triggers/{trigger_id},DeleteObjectTrigger,Delete Object Trigger,,,
ticketing,Object Triggers,GET,/api/v2/custom_objects/{custom_object_key}/triggers/{trigger_id},GetObjectTrigger,Show Object Trigger,,,
ticketing,Object Triggers,PUT,/api/v2/custom_objects/{custom_object_key}/triggers/{trigger_id},UpdateObjectTrigger,Update Object Trigger,,,
ticketing,Omnichannel Routing Queues,GET,/api/v2/queues,ListQueues,List queues,,,
ticketing,Omnichannel Routing Queues,POST,/api/v2/queues,CreateQueue,Create Queue,,,
ticketing,Omnichannel Routing Queues,GET,/api/v2/queues/definitions,ListQueueDefinitions,List Queue Definitions,,,
ticketing,Omnichannel Routing Queues,PATCH,/api/v2/queues/order,ReorderQueues,Reorder Queues,,,
ticketing,Omnichannel Routing Queues,DELETE,/api/v2/queues/{queue_id},DeleteQueue,Delete Queue,,,
ticketing,Omnichannel Routing Queues,GET,/api/v2/queues/{queue_id},ShowQueueById,Show Queue,,,
ticketing,Omnichannel Routing Queues,PUT,/api/v2/queues/{queue_id},UpdateQueue,Update Queue,,,
ticketing,Organization Fields,GET,/api/v2/organization_fields,ListOrganizationFields,List Organization Fields,cursor,,
ticketing,Organization Fields,POST,/api/v2/organization_fields,CreateOrganizationField,Create Organization Field,,,
ticketing,Organization Fields,PUT,/api/v2/organization_fields/reorder,ReorderOrganizationField,Reorder Organization Field,,,
ticketing,Organization Fields,DELETE,/api/v2/organization_fields/{organization_field_id},DeleteOrganizationField,Delete Organization Field,,,
ticketing,Organization Fields,GET,/api/v2/organization_fields/{organization_field_id},ShowOrganizationField,Show Organization Field,,,
ticketing,Organization Fields,PUT,/api/v2/organization_fields/{organization_field_id},UpdateOrganizationField,Update Organization Field,,,
ticketing,Organization Memberships,GET,/api/v2/organization_memberships,ListOrganizationMemberships,List Memberships,dual,,yes
ticketing,Organization Memberships,POST,/api/v2/organization_memberships,CreateOrganizationMembership,Create Membership,,,
ticketing,Organization Memberships,POST,/api/v2/organization_memberships/create_many,CreateManyOrganizationMemberships,Create Many Memberships,,,
ticketing,Organization Memberships,DELETE,/api/v2/organization_memberships/destroy_many,DeleteManyOrganizationMemberships,Bulk Delete Memberships,,,
ticketing,Organization Memberships,DELETE,/api/v2/organization_memberships/{organization_membership_id},DeleteOrganizationMembership,Delete Membership,,,
ticketing,Organization Memberships,GET,/api/v2/organization_memberships/{organization_membership_id},ShowOrganizationMembershipById,Show Membership,,,
ticketing,Organization Memberships,GET,/api/v2/organizations/{organization_id}/organization_memberships,ListOrganizationMembershipsByOrganization,List Organization Memberships by Organization,,,
ticketing,Organization Memberships,GET,/api/v2/users/{user_id}/organization_memberships,ListUserOrganizationMemberships,List Organization Memberships by User,,,yes
ticketing,Organization Memberships,POST,/api/v2/users/{user_id}/organization_memberships,CreateUserOrganizationMembership,Create Organization Membership for User,,,
ticketing,Organization Memberships,DELETE,/api/v2/users/{user_id}/organization_memberships/{organization_membership_id},DeleteUserOrganizationMembership,Delete Organization Membership for User,,,
ticketing,Organization Memberships,GET,/api/v2/users/{user_id}/organization_memberships/{organization_membership_id},ShowOrganizationMembershipByUserId,Show Organization Membership by User,,,
ticketing,Organization Memberships,PUT,/api/v2/users/{user_id}/organization_memberships/{organization_membership_id}/make_default,SetOrganizationMembershipAsDefault,Set Membership as Default,,,
ticketing,Organization Memberships,DELETE,/api/v2/users/{user_id}/organizations/{organization_id},UnassignOrganization,Unassign Organization,,,
ticketing,Organization Memberships,PUT,/api/v2/users/{user_id}/organizations/{organization_id}/make_default,SetOrganizationAsDefault,Set Organization as Default,,,
ticketing,Organization Subscriptions,GET,/api/v2/organization_subscriptions,ListOrganizationSubscriptions,List Organization Subscriptions,,,
ticketing,Organization Subscriptions,POST,/api/v2/organization_subscriptions,CreateOrganizationSubscription,Create Organization Subscription,,,
ticketing,Organization Subscriptions,DELETE,/api/v2/organization_subscriptions/{organization_subscription_id},DeleteOrganizationSubscription,Delete Organization Subscription,,,
ticketing,Organization Subscriptions,GET,/api/v2/organization_subscriptions/{organization_subscription_id},ShowOrganizationSubscription,Show Organization Subscription,,,
ticketing,Organization Subscriptions,GET,/api/v2/organizations/{organization_id}/subscriptions,ListOrganizationSubscriptionsByOrganization,List Subscriptions By Organization,,,
ticketing,Organization Subscriptions,GET,/api/v2/users/{user_id}/organization_subscriptions,ListUserOrganizationSubscriptions,List User's Organization Subscriptions,,,
ticketing,Organizations,GET,/api/v2/organization_merges/{organization_merge_id},ShowOrganizationMerge,Show Organization Merge,,,
ticketing,Organizations,GET,/api/v2/organizations,ListOrganizations,List Organizations,dual,,
ticketing,Organizations,POST,/api/v2/organizations,CreateOrganization,Create Organization,,,
ticketing,Organizations,GET,/api/v2/organizations/autocomplete,AutocompleteOrganizations,Autocomplete Organizations,,,
ticketing,Organizations,GET,/api/v2/organizations/count,CountOrganizations,Count Organizations,,,
ticketing,Organizations,POST,/api/v2/organizations/create_many,CreateManyOrganizations,Create Many Organizations,,,
ticketing,Organizations,POST,/api/v2/organizations/create_or_update,CreateOrUpdateOrganization,Create Or Update Organization,,,
ticketing,Organizations,DELETE,/api/v2/organizations/destroy_many,DeleteManyOrganizations,Bulk Delete Organizations,,,
ticketing,Organizations,GET,/api/v2/organizations/search,SearchOrganizations,Search Organizations,,,
ticketing,Organizations,GET,/api/v2/organizations/show_many,ShowManyOrganizations,Show Many Organizations,,,
ticketing,Organizations,PUT,/api/v2/organizations/update_many,UpdateManyOrganizations,Update Many Organizations,,,
ticketing,Organizations,DELETE,/api/v2/organizations/{organization_id},DeleteOrganization,Delete Organization,,,
ticketing,Organizations,GET,/api/v2/organizations/{organization_id},ShowOrganization,Show Organization,,,yes
ticketing,Organizations,PUT,/api/v2/organizations/{organization_id},UpdateOrganization,Update Organization,,,
ticketing,Organizations,POST,/api/v2/organizations/{organization_id}/merge,CreateOrganizationMerge,Merge Organization With Another Organization,,,
ticketing,Organizations,GET,/api/v2/organizations/{organization_id}/merges,ListOrganizationMerges,List Organization Merges,,,
ticketing,Organizations,GET,/api/v2/organizations/{organization_id}/related,OrganizationRelated,Show Organization's Related Information,,,
ticketing,Organizations,GET,/api/v2/users/{user_id}/organizations,ListUserOrganizations,List User Organizations,dual,,
ticketing,Organizations,GET,/api/v2/users/{user_id}/organizations/count,CountUserOrganizations,Count User's Organizations,,,
ticketing,Push Notification Devices,POST,/api/v2/push_notification_devices/destroy_many,PushNotificationDevices,Bulk Unregister Push Notification Devices,,,
ticketing,Remote Authentications,GET,/api/v2/remote_authentications,ListRemoteAuthentications,List Remote Authentications,,,
ticketing,Requests,GET,/api/v2/organizations/{organization_id}/requests,ListOrganizationRequests,List Organization Requests,,,
ticketing,Requests,GET,/api/v2/requests,ListRequests,List Requests,dual,,
ticketing,Requests,POST,/api/v2/requests,CreateRequest,Create Request,,,
ticketing,Requests,GET,/api/v2/requests/ccd,ListCCDRequests,List CCD Requests,,,
ticketing,Requests,GET,/api/v2/requests/open,ListOpenRequests,List Open Requests,,,
ticketing,Requests,GET,/api/v2/requests/search,SearchRequests,Search Requests,,,
ticketing,Requests,GET,/api/v2/requests/solved,ListSolvedRequests,List Solved Requests,,,
ticketing,Requests,GET,/api/v2/requests/{request_id},ShowRequest,Show Request,,,
ticketing,Requests,PUT,/api/v2/requests/{request_id},UpdateRequest,Update Request,,,
ticketing,Requests,GET,/api/v2/requests/{request_id}/comments,ListComments,Listing Comments,,,
ticketing,Requests,GET,/api/v2/requests/{request_id}/comments/{ticket_comment_id},ShowComment,Getting Comments,,,
ticketing,Requests,GET,/api/v2/users/{user_id}/requests,ListUserRequests,List User Requests,,,
ticketing,Reseller,POST,/api/v2/accounts,CreateTrialAccount,Create Trial Account,,,
ticketing,Reseller,GET,/api/v2/accounts/available,VerifySubdomainAvailability,Verify Subdomain Availability,,,
ticketing,Resource Collections,GET,/api/v2/resource_collections,ListResourceCollections,List Resource Collections,offset,,
ticketing,Resource Collections,POST,/api/v2/resource_collections,CreateResourceCollection,Create Resource Collection,,,
ticketing,Resource Collections,DELETE,/api/v2/resource_collections/{resource_collection_id},DeleteResourceCollection,Delete Resource Collection,,,
ticketing,Resource Collections,GET,/api/v2/resource_collections/{resource_collection_id},RetrieveResourceCollection,Show Resource Collection,,,
ticketing,Resource Collections,PUT,/api/v2/resource_collections/{resource_collection_id},UpdateResourceCollection,Update Resource Collection,,,
ticketing,SLA Policies,GET,/api/v2/slas/policies,ListSLAPolicies,List SLA Policies,,,
ticketing,SLA Policies,POST,/api/v2/slas/policies,CreateSLAPolicy,Create SLA Policy,,,
ticketing,SLA Policies,GET,/api/v2/slas/policies/definitions,RetrieveSLAPolicyFilterDefinitionItems,Retrieve Supported Filter Definition Items,,,
ticketing,SLA Policies,PUT,/api/v2/slas/policies/reorder,ReorderSLAPolicies,Reorder SLA Policies,,,
ticketing,SLA Policies,DELETE,/api/v2/slas/policies/{sla_policy_id},DeleteSLAPolicy,Delete SLA Policy,,,
ticketing,SLA Policies,GET,/api/v2/slas/policies/{sla_policy_id},ShowSLAPolicy,Show SLA Policy,,,
ticketing,SLA Policies,PUT,/api/v2/slas/policies/{sla_policy_id},UpdateSLAPolicy,Update SLA Policy,,,
ticketing,Satisfaction Ratings,GET,/api/v2/satisfaction_ratings,ListSatisfactionRatings,List Satisfaction Ratings,dual,,
ticketing,Satisfaction Ratings,GET,/api/v2/satisfaction_ratings/count,CountSatisfactionRatings,Count Satisfaction Ratings,,,
ticketing,Satisfaction Ratings,GET,/api/v2/satisfaction_ratings/{satisfaction_rating_id},ShowSatisfactionRating,Show Satisfaction Rating,,,
ticketing,Satisfaction Ratings,POST,/api/v2/tickets/{ticket_id}/satisfaction_rating,CreateTicketSatisfactionRating,Create a Satisfaction Rating,,,
ticketing,Satisfaction Reasons,GET,/api/v2/satisfaction_reasons,ListSatisfactionRatingReasons,List Reasons for Satisfaction Rating,,,
ticketing,Satisfaction Reasons,GET,/api/v2/satisfaction_reasons/{satisfaction_reason_id},ShowSatisfactionRatings,Show Reason for Satisfaction Rating,,,
ticketing,Saved Searches,GET,/api/v2/saved_searches,ListSavedSearches,List Saved Searches,,,
ticketing,Saved Searches,POST,/api/v2/saved_searches,CreateSavedSearch,Create Saved Search,,,
ticketing,Saved Searches,DELETE,/api/v2/saved_searches/{id},DeleteSavedSearch,Delete Saved Search,,,
ticketing,Saved Searches,PUT,/api/v2/saved_searches/{id},UpdateSavedSearch,Update Saved Search,,,
ticketing,Search,GET,/api/v2/search,ListSearchResults,List Search Results,,,yes
ticketing,Search,GET,/api/v2/search/count,CountSearchResults,Show Results Count,,,
ticketing,Search,GET,/api/v2/search/export,ExportSearchResults,Export Search Results,,,yes
ticketing,Security Settings,GET,/api/v2/security_settings,ShowSecuritySettings,Show Security Settings,,,
ticketing,Sessions,GET,/api/v2/sessions,ListSessions,List Sessions,cursor,,
ticketing,Sessions,DELETE,/api/v2/users/me/logout,DeleteAuthenticatedSession,Delete the Authenticated Session,,,
ticketing,Sessions,GET,/api/v2/users/me/session,ShowCurrentlyAuthenticatedSession,Show the Currently Authenticated Session,,,
ticketing,Sessions,GET,/api/v2/users/me/session/renew,RenewCurrentSession,Renew the current session,,,
ticketing,Sessions,DELETE,/api/v2/users/{user_id}/sessions,BulkDeleteSessionsByUserId,Bulk Delete Sessions,,,
ticketing,Sessions,GET,/api/v2/users/{user_id}/sessions,ListUserSessions,List Sessions for User,,,
ticketing,Sessions,DELETE,/api/v2/users/{user_id}/sessions/{session_id},DeleteSession,Delete Session,,,
ticketing,Sessions,GET,/api/v2/users/{user_id}/sessions/{session_id},ShowSession,Show Session,,,
ticketing,Sharing Agreements,GET,/api/v2/sharing_agreements,ListSharingAgreements,List Sharing Agreements,,,
ticketing,Sharing Agreements,POST,/api/v2/sharing_agreements,CreateSharingAgreement,Create Sharing Agreement,,,
ticketing,Sharing Agreements,DELETE,/api/v2/sharing_agreements/{sharing_agreement_id},DeleteSharingAgreement,Delete a Sharing Agreement,,,
ticketing,Sharing Agreements,GET,/api/v2/sharing_agreements/{sharing_agreement_id},ShowSharingAgreement,Show a Sharing Agreement,,,
ticketing,Sharing Agreements,PUT,/api/v2/sharing_agreements/{sharing_agreement_id},UpdateSharingAgreement,Update a Sharing Agreement,,,
ticketing,Skill Based Routing,GET,/api/v2/routing/agents/instance_values,ListManyAgentsAttributeValues,List Attribute Values for Many Agents,,,
ticketing,Skill Based Routing,POST,/api/v2/routing/agents/instance_values/jobs,BulkSetAgentAttributeValuesJob,Bulk Set Agent Attribute Values Jobs,,,
ticketing,Skill Based Routing,GET,/api/v2/routing/agents/{user_id}/instance_values,ListAGentAttributeValues,List Agent Attribute Values,,,
ticketing,Skill Based Routing,POST,/api/v2/routing/agents/{user_id}/instance_values,SetAgentAttributeValues,Set Agent Attribute Values,,,
ticketing,Skill Based Routing,GET,/api/v2/routing/attributes,ListAccountAttributes,List Account Attributes,,,yes
ticketing,Skill Based Routing,POST,/api/v2/routing/attributes,CreateAttribute,Create Attribute,,,
ticketing,Skill Based Routing,GET,/api/v2/routing/attributes/definitions,ListRoutingAttributeDefinitions,List Routing Attribute Definitions,,,
ticketing,Skill Based Routing,DELETE,/api/v2/routing/attributes/{attribute_id},DeleteAttribute,Delete Attribute,,,
ticketing,Skill Based Routing,GET,/api/v2/routing/attributes/{attribute_id},ShowAttribute,Show Attribute,,,
ticketing,Skill Based Routing,PUT,/api/v2/routing/attributes/{attribute_id},UpdateAttribute,Update Attribute,,,
ticketing,Skill Based Routing,GET,/api/v2/routing/attributes/{attribute_id}/values,ListAttributeValues,List Attribute Values for an Attribute,,,
ticketing,Skill Based Routing,POST,/api/v2/routing/attributes/{attribute_id}/values,CreateAttributeValue,Create Attribute Value,,,
ticketing,Skill Based Routing,DELETE,/api/v2/routing/attributes/{attribute_id}/values/{attribute_value_id},DeleteAttributeValue,Delete Attribute Value,,,
ticketing,Skill Based Routing,GET,/api/v2/routing/attributes/{attribute_id}/values/{attribute_value_id},ShowAttributeValue,Show Attribute Value,,,
ticketing,Skill Based Routing,PATCH,/api/v2/routing/attributes/{attribute_id}/values/{attribute_value_id},UpdateAttributeValue,Update Attribute Value,,,
ticketing,Skill Based Routing,GET,/api/v2/routing/requirements/fulfilled,ListTicketsFullfilledByUser,List Tickets Fulfilled by a User,,,
ticketing,Skill Based Routing,GET,/api/v2/routing/tickets/{ticket_id}/instance_values,ListTicketAttributeValues,List Ticket Attribute Values,,,
ticketing,Skill Based Routing,POST,/api/v2/routing/tickets/{ticket_id}/instance_values,SetTicketAttributeValues,Set Ticket Attribute Values,,,
ticketing,Support Addresses,GET,/api/v2/recipient_addresses,ListSupportAddresses,List Support Addresses,dual,,yes
ticketing,Support Addresses,POST,/api/v2/recipient_addresses,CreateSupportAddress,Create Support Address,,,
ticketing,Support Addresses,DELETE,/api/v2/recipient_addresses/{support_address_id},DeleteRecipientAddress,Delete Support Address,,,
ticketing,Support Addresses,GET,/api/v2/recipient_addresses/{support_address_id},ShowSupportAddress,Show Support Address,,,
ticketing,Support Addresses,PUT,/api/v2/recipient_addresses/{support_address_id},UpdateSupportAddress,Update Support Address,,,
ticketing,Support Addresses,PUT,/api/v2/recipient_addresses/{support_address_id}/verify,VerifySupportAddressForwarding,Verify Support Address Forwarding,,,
ticketing,Suspended Tickets,GET,/api/v2/suspended_tickets,ListSuspendedTickets,List Suspended Tickets,dual,,
ticketing,Suspended Tickets,POST,/api/v2/suspended_tickets/attachments,SuspendedTicketsAttachments,Suspended Ticket Attachments,,,
ticketing,Suspended Tickets,PUT,/api/v2/suspended_tickets/bulk_recover,BulkRecoverSuspendedTickets,Bulk Recover Suspended Tickets,,,
ticketing,Suspended Tickets,DELETE,/api/v2/suspended_tickets/destroy_many,DeleteSuspendedTickets,Delete Multiple Suspended Tickets,,,
ticketing,Suspended Tickets,POST,/api/v2/suspended_tickets/export,ExportSuspendedTickets,Export Suspended Tickets,,,
ticketing,Suspended Tickets,PUT,/api/v2/suspended_tickets/recover_many,RecoverSuspendedTickets,Recover Multiple Suspended Tickets,,,
ticketing,Suspended Tickets,DELETE,/api/v2/suspended_tickets/{id},DeleteSuspendedTicket,Delete Suspended Ticket,,,
ticketing,Suspended Tickets,GET,/api/v2/suspended_tickets/{id},ShowSuspendedTickets,Show Suspended Ticket,,,
ticketing,Suspended Tickets,PUT,/api/v2/suspended_tickets/{id}/recover,RecoverSuspendedTicket,Recover Suspended Ticket,,,
ticketing,Tags,GET,/api/v2/autocomplete/tags,AutocompleteTags,Search Tags,,,
ticketing,Tags,POST,/api/v2/autocomplete/tags,AutocompleteTagsPost,Search Tags by Request Body,offset,,
ticketing,Tags,DELETE,/api/v2/organizations/{organization_id}/tags,RemoveOrganizationTags,Remove Organization Tags,,,
ticketing,Tags,GET,/api/v2/organizations/{organization_id}/tags,ListOrganizationTags,List Organization Tags,,,
ticketing,Tags,POST,/api/v2/organizations/{organization_id}/tags,SetOrganizationTags,Set Organization Tags,,,
ticketing,Tags,PUT,/api/v2/organizations/{organization_id}/tags,AddOrganizationTags,Add Organization Tags,,,
ticketing,Tags,GET,/api/v2/tags,ListTags,List Tags,dual,,
ticketing,Tags,GET,/api/v2/tags/count,CountTags,Count Tags,,,
ticketing,Tags,DELETE,/api/v2/tickets/{ticket_id}/tags,DeleteTagsTicket,Remove Tags,,,
ticketing,Tags,GET,/api/v2/tickets/{ticket_id}/tags,ListResourceTags,List Resource Tags,,,
ticketing,Tags,POST,/api/v2/tickets/{ticket_id}/tags,SetTagsTicket,Set Tags,,,
ticketing,Tags,PUT,/api/v2/tickets/{ticket_id}/tags,PutTagsTicket,Add Tags,,,
ticketing,Tags,DELETE,/api/v2/users/{user_id}/tags,DeleteUserTags,Remove User Tags,,,
ticketing,Tags,GET,/api/v2/users/{user_id}/tags,ListUserTags,List User Tags,,,
ticketing,Tags,POST,/api/v2/users/{user_id}/tags,SetUserTags,Set User Tags,,,
ticketing,Tags,PUT,/api/v2/users/{user_id}/tags,PutUserTags,Add User Tags,,,
ticketing,Target Failures,GET,/api/v2/target_failures,ListTargetFailures,List Target Failures,,,
ticketing,Target Failures,GET,/api/v2/target_failures/{target_failure_id},ShowTargetFailure,Show Target Failure,,,
ticketing,Targets,GET,/api/v2/targets,ListTargets,List Targets,,,
ticketing,Targets,POST,/api/v2/targets,CreateTarget,Create Target,,,
ticketing,Targets,DELETE,/api/v2/targets/{target_id},DeleteTarget,Delete Target,,,
ticketing,Targets,GET,/api/v2/targets/{target_id},ShowTarget,Show Target,,,
ticketing,Targets,PUT,/api/v2/targets/{target_id},UpdateTarget,Update Target,,,
ticketing,Task List Templates,GET,/api/v2/task_list_templates,ListTaskListTemplates,List Task List Templates,,,
ticketing,Task List Templates,POST,/api/v2/task_list_templates,CreateTaskListTemplate,Create Task List Template,,,
ticketing,Task List Templates,DELETE,/api/v2/task_list_templates/{task_list_template_id},DeleteTaskListTemplate,Delete Task List Template,,,
ticketing,Task List Templates,GET,/api/v2/task_list_templates/{task_list_template_id},ShowTaskListTemplate,Show Task List Template,,,
ticketing,Task List Templates,PUT,/api/v2/task_list_templates/{task_list_template_id},UpdateTaskListTemplate,Update Task List Template,,,
ticketing,Task List Templates,GET,/api/v2/task_list_templates/{task_list_template_id}/tasks,GetTasksByTaskListTemplateId,Get Tasks by Task List Template Id,,,
ticketing,Task Lists,GET,/api/v2/task_lists/{task_list_id},ShowTaskListInstance,Show Task List,,,
ticketing,Task Lists,PUT,/api/v2/task_lists/{task_list_id},UpdateCustomTaskList,Update Custom Task List,,,
ticketing,Task Lists,GET,/api/v2/task_lists/{task_list_id}/task_items,ListTaskItems,List Task Items,,,
ticketing,Task Lists,POST,/api/v2/task_lists/{task_list_id}/task_items,CreateCustomTaskItem,Create Custom Task Item,,,
ticketing,Task Lists,DELETE,/api/v2/task_lists/{task_list_id}/task_items/{task_item_id},DeleteCustomTaskItem,Delete Custom Task Item,,,
ticketing,Task Lists,GET,/api/v2/task_lists/{task_list_id}/task_items/{task_item_id},ShowTaskItem,Show Task Item,,,
ticketing,Task Lists,PUT,/api/v2/task_lists/{task_list_id}/task_items/{task_item_id},UpdateTaskItem,Update Task Item,,,
ticketing,Task Lists,GET,/api/v2/tickets/{ticket_id}/task_lists,ShowTaskListsForTicket,Show Task Lists for Ticket,,,
ticketing,Task Lists,POST,/api/v2/tickets/{ticket_id}/task_lists,CreateTaskList,Create Task List,,,
ticketing,Ticket Audits,GET,/api/v2/ticket_audits,ListTicketAudits,List All Ticket Audits,,,
ticketing,Ticket Audits,GET,/api/v2/tickets/{ticket_id}/audits,ListAuditsForTicket,List Audits for a Ticket,dual,,yes
ticketing,Ticket Audits,GET,/api/v2/tickets/{ticket_id}/audits/count,CountAuditsForTicket,Count Audits for a Ticket,,,
ticketing,Ticket Audits,GET,/api/v2/tickets/{ticket_id}/audits/{ticket_audit_id},ShowTicketAudit,Show Audit,,,
ticketing,Ticket Audits,PUT,/api/v2/tickets/{ticket_id}/audits/{ticket_audit_id}/make_private,MakeTicketCommentPrivateFromAudits,Change a Comment From Public To Private,,,
ticketing,Ticket Comments,PUT,/api/v2/chat_file_redactions/{ticket_id},RedactChatCommentAttachment,Redact Chat Comment Attachment,,,
ticketing,Ticket Comments,PUT,/api/v2/chat_redactions/{ticket_id},RedactChatComment,Redact Chat Comment,,,
ticketing,Ticket Comments,PUT,/api/v2/comment_redactions/{ticket_comment_id},RedactTicketCommentInAgentWorkspace,Redact Ticket Comment In Agent Workspace,,,
ticketing,Ticket Comments,GET,/api/v2/tickets/{ticket_id}/comments,ListTicketComments,List Comments,cursor,,yes
ticketing,Ticket Comments,GET,/api/v2/tickets/{ticket_id}/comments/count,CountTicketComments,Count Ticket Comments,,,
ticketing,Ticket Comments,PUT,/api/v2/tickets/{ticket_id}/comments/{ticket_comment_id}/make_private,MakeTicketCommentPrivate,Make Comment Private,,,
ticketing,Ticket Comments,PUT,/api/v2/tickets/{ticket_id}/comments/{ticket_comment_id}/redact,RedactStringInComment,Redact String in Comment,,,
ticketing,Ticket Content Pins,GET,/api/v2/ticket_content_pins,ListTicketContentPins,List Ticket Content Pins,,,
ticketing,Ticket Content Pins,POST,/api/v2/ticket_content_pins,CreateTicketContentPin,Create Ticket Content Pin,,,
ticketing,Ticket Content Pins,DELETE,/api/v2/ticket_content_pins/{content_pin_id},DeleteTicketContentPin,Delete Content Pin from Ticket,,,
ticketing,Ticket Fields,GET,/api/v2/ticket_fields,ListTicketFields,List Ticket Fields,cursor,,
ticketing,Ticket Fields,POST,/api/v2/ticket_fields,CreateTicketField,Create Ticket Field,,,
ticketing,Ticket Fields,GET,/api/v2/ticket_fields/count,CountTicketFields,Count Ticket Fields,,,
ticketing,Ticket Fields,PUT,/api/v2/ticket_fields/reorder,ReorderTicketFields,Reorder Ticket Fields,,,
ticketing,Ticket Fields,GET,/api/v2/ticket_fields/show_many,ShowManyTicketFields,Show Many Ticket Fields,,,
ticketing,Ticket Fields,DELETE,/api/v2/ticket_fields/{ticket_field_id},DeleteTicketField,Delete Ticket Field,,,
ticketing,Ticket Fields,GET,/api/v2/ticket_fields/{ticket_field_id},ShowTicketfield,Show Ticket Field,,,
ticketing,Ticket Fields,PUT,/api/v2/ticket_fields/{ticket_field_id},UpdateTicketField,Update Ticket Field,,,
ticketing,Ticket Fields,GET,/api/v2/ticket_fields/{ticket_field_id}/options,ListTicketFieldOptions,List Ticket Field Options,,,
ticketing,Ticket Fields,POST,/api/v2/ticket_fields/{ticket_field_id}/options,CreateOrUpdateTicketFieldOption,Create or Update Ticket Field Option,,,
ticketing,Ticket Fields,DELETE,/api/v2/ticket_fields/{ticket_field_id}/options/{ticket_field_option_id},DeleteTicketFieldOption,Delete Ticket Field Option,,,
ticketing,Ticket Fields,GET,/api/v2/ticket_fields/{ticket_field_id}/options/{ticket_field_option_id},ShowTicketFieldOption,Show Ticket Field Option,,,
ticketing,Ticket Form Statuses,GET,/api/v2/ticket_form_statuses,ListTicketFormStatuses,List Ticket Form Statuses,,,
ticketing,Ticket Form Statuses,GET,/api/v2/ticket_form_statuses/show_many,ShowManyTicketFormStatuses,Show Many Ticket Form Statuses,,,
ticketing,Ticket Form Statuses,DELETE,/api/v2/ticket_forms/{ticket_form_id}/ticket_form_statuses,DeleteTicketFormStatuses,Delete Ticket Form Statuses,,,
ticketing,Ticket Form Statuses,DELETE,/api/v2/ticket_forms/{ticket_form_id}/ticket_form_statuses/{ticket_form_status_id},DeleteTicketFormStatusById,Delete Ticket Form Status By Id,,,
ticketing,Ticket Forms,GET,/api/v2/ticket_forms,ListTicketForms,List Ticket Forms,dual,,
ticketing,Ticket Forms,POST,/api/v2/ticket_forms,CreateTicketForm,Create Ticket Form,,,
ticketing,Ticket Forms,PUT,/api/v2/ticket_forms/reorder,ReorderTicketForms,Reorder Ticket Forms,,,
ticketing,Ticket Forms,GET,/api/v2/ticket_forms/show_many,ShowManyTicketForms,Show Many Ticket Forms,,,
ticketing,Ticket Forms,DELETE,/api/v2/ticket_forms/{ticket_form_id},DeleteTicketForm,Delete Ticket Form,,,
ticketing,Ticket Forms,GET,/api/v2/ticket_forms/{ticket_form_id},ShowTicketForm,Show Ticket Form,,,
ticketing,Ticket Forms,PUT,/api/v2/ticket_forms/{ticket_form_id},UpdateTicketForm,Update Ticket Form,,,
ticketing,Ticket Forms,POST,/api/v2/ticket_forms/{ticket_form_id}/clone,CloneTicketForm,Clone an Already Existing Ticket Form,,,
ticketing,Ticket Forms,GET,/api/v2/ticket_forms/{ticket_form_id}/ticket_form_statuses,TicketFormTicketFormStatuses,List Ticket Form Statuses of a Ticket Form,,,
ticketing,Ticket Forms,POST,/api/v2/ticket_forms/{ticket_form_id}/ticket_form_statuses,CreateTicketFormStatuses,Create Ticket Form Statuses,,,
ticketing,Ticket Forms,PUT,/api/v2/ticket_forms/{ticket_form_id}/ticket_form_statuses,UpdateTicketFormStatuses,Bulk Update Ticket Form Statuses of a Ticket Form,,,
ticketing,Ticket Forms,PUT,/api/v2/ticket_forms/{ticket_form_id}/ticket_form_statuses/{ticket_form_status_id},UpdateTicketFormStatusById,Update Ticket Form Status By Id,,,
ticketing,Ticket Import,POST,/api/v2/imports/tickets,TicketImport,Ticket Import,,,
ticketing,Ticket Import,POST,/api/v2/imports/tickets/create_many,TicketBulkImport,Ticket Bulk Import,,,
ticketing,Ticket Metric Events,GET,/api/v2/incremental/ticket_metric_events,ListTicketMetricEvents,List Ticket Metric Events,,,
ticketing,Ticket Metrics,GET,/api/v2/ticket_metrics,ListTicketMetrics,List Ticket Metrics,cursor,,
ticketing,Ticket Metrics,GET,/api/v2/ticket_metrics/{ticket_metric_id},ShowTicketMetrics,Show Ticket Metrics,,,
ticketing,Ticket Metrics,GET,/api/v2/tickets/{ticket_id}/metrics,ShowTicketMetricsByTicket,Show Ticket Metrics By Ticket,,,
ticketing,Ticket Skips,GET,/api/v2/skips,ListSkips,List All Skips,,,
ticketing,Ticket Skips,POST,/api/v2/skips,RecordNewSkip,Record a New Skip for the Current User,,,
ticketing,Ticket Skips,GET,/api/v2/tickets/{ticket_id}/skips,ListTicketSkipsByTicket,List Ticket Skips By Ticket,,,
ticketing,Ticket Skips,GET,/api/v2/users/{user_id}/skips,ListTicketSkips,List Ticket Skips,,,
ticketing,Tickets,GET,/api/v2/deleted_tickets,ListDeletedTickets,List Deleted Tickets,dual,,
ticketing,Tickets,DELETE,/api/v2/deleted_tickets/destroy_many,BulkPermanentlyDeleteTickets,Delete Multiple Tickets Permanently,,,
ticketing,Tickets,PUT,/api/v2/deleted_tickets/restore_many,BulkRestoreDeletedTickets,Restore Previously Deleted Tickets in Bulk,,,
ticketing,Tickets,DELETE,/api/v2/deleted_tickets/{ticket_id},DeleteTicketPermanently,Delete Ticket Permanently,,,
ticketing,Tickets,PUT,/api/v2/deleted_tickets/{ticket_id}/restore,RestoreDeletedTicket,Restore a Previously Deleted Ticket,,,
ticketing,Tickets,GET,/api/v2/organizations/{organization_id}/tickets,ListOrganizationTickets,List Organization Tickets,,,
ticketing,Tickets,GET,/api/v2/organizations/{organization_id}/tickets/count,CountOrganizationTickets,Count Organization Tickets,,,
ticketing,Tickets,GET,/api/v2/problems,ListTicketProblems,List Ticket Problems,dual,,
ticketing,Tickets,POST,/api/v2/problems/autocomplete,AutocompleteProblems,Autocomplete Problems,,,
ticketing,Tickets,GET,/api/v2/tickets,ListTickets,List Tickets,dual,,yes
ticketing,Tickets,POST,/api/v2/tickets,CreateTicket,Create Ticket,,,yes
ticketing,Tickets,GET,/api/v2/tickets/count,CountTickets,Count Tickets,,,
ticketing,Tickets,POST,/api/v2/tickets/create_many,TicketsCreateMany,Create Many Tickets,,,
ticketing,Tickets,DELETE,/api/v2/tickets/destroy_many,BulkDeleteTickets,Bulk Delete Tickets,,,
ticketing,Tickets,PUT,/api/v2/tickets/mark_many_as_spam,MarkManyTicketsAsSpam,Bulk Mark Tickets as Spam,,,
ticketing,Tickets,GET,/api/v2/tickets/messaging/conversations/{conversation_id}/ticket,ShowTicketByMessagingConversationId,Show Ticket by Messaging Conversation ID,,,
ticketing,Tickets,GET,/api/v2/tickets/recent,ListRecentTickets,List Recent Tickets,,,
ticketing,Tickets,GET,/api/v2/tickets/show_many,TicketsShowMany,Show Multiple Tickets,,,yes
ticketing,Tickets,PUT,/api/v2/tickets/update_many,TicketsUpdateMany,Update Many Tickets,,,
ticketing,Tickets,DELETE,/api/v2/tickets/{ticket_id},DeleteTicket,Delete Ticket,,,
ticketing,Tickets,GET,/api/v2/tickets/{ticket_id},ShowTicket,Show Ticket,,,yes
ticketing,Tickets,PUT,/api/v2/tickets/{ticket_id},UpdateTicket,Update Ticket,,,
ticketing,Tickets,GET,/api/v2/tickets/{ticket_id}/collaborators,ListTicketCollaborators,List Collaborators for a Ticket,,,
ticketing,Tickets,GET,/api/v2/tickets/{ticket_id}/email_ccs,ListTicketEmailCCs,List Email CCs for a Ticket,,,
ticketing,Tickets,GET,/api/v2/tickets/{ticket_id}/followers,ListTicketFollowers,List Followers for a Ticket,,,
ticketing,Tickets,GET,/api/v2/tickets/{ticket_id}/incidents,ListTicketIncidents,List Ticket Incidents,,,
ticketing,Tickets,PUT,/api/v2/tickets/{ticket_id}/mark_as_spam,MarkTicketAsSpamAndSuspendRequester,Mark Ticket as Spam and Suspend Requester,,,
ticketing,Tickets,POST,/api/v2/tickets/{ticket_id}/merge,MergeTicketsIntoTargetTicket,Merge Tickets into Target Ticket,,,
ticketing,Tickets,GET,/api/v2/tickets/{ticket_id}/related,TicketRelatedInformation,Ticket Related Information,,,
ticketing,Tickets,GET,/api/v2/users/{user_id}/tickets/assigned,ListUserAssignedTickets,List User Assigned Tickets,,,
ticketing,Tickets,GET,/api/v2/users/{user_id}/tickets/assigned/count,CountUserAssignedTickets,Count User Assigned Tickets,,,
ticketing,Tickets,GET,/api/v2/users/{user_id}/tickets/ccd,ListUserCCDTickets,List User CCD Tickets,,,
ticketing,Tickets,GET,/api/v2/users/{user_id}/tickets/ccd/count,CountUserCCDTickets,Count User CCD Tickets,,,
ticketing,Tickets,GET,/api/v2/users/{user_id}/tickets/followed,ListUserFollowedTickets,List User Followed Tickets,dual,,
ticketing,Tickets,GET,/api/v2/users/{user_id}/tickets/requested,ListUserRequestedTickets,List User Requested Tickets,dual,,yes
ticketing,Trigger Categories,GET,/api/v2/trigger_categories,ListTriggerCategories,List Ticket Trigger Categories,offset,,yes
ticketing,Trigger Categories,POST,/api/v2/trigger_categories,CreateTriggerCategory,Create Ticket Trigger Category,,,
ticketing,Trigger Categories,POST,/api/v2/trigger_categories/jobs,BatchOperateTriggerCategories,Create Batch Job for Ticket Trigger Categories,,,
ticketing,Trigger Categories,DELETE,/api/v2/trigger_categories/{trigger_category_id},DeleteTriggerCategory,Delete Ticket Trigger Category,,,
ticketing,Trigger Categories,GET,/api/v2/trigger_categories/{trigger_category_id},ShowTriggerCategoryById,Show Ticket Trigger Category,,,
ticketing,Trigger Categories,PATCH,/api/v2/trigger_categories/{trigger_category_id},UpdateTriggerCategory,Update Ticket Trigger Category,,,
ticketing,Triggers,GET,/api/v2/triggers,ListTriggers,List Ticket Triggers,dual,,yes
ticketing,Triggers,POST,/api/v2/triggers,CreateTrigger,Create Trigger,,,
ticketing,Triggers,GET,/api/v2/triggers/active,ListActiveTriggers,List Active Ticket Triggers,,,
ticketing,Triggers,GET,/api/v2/triggers/definitions,ListTriggerActionConditionDefinitions,List Ticket Trigger Action and Condition Definitions,,,
ticketing,Triggers,DELETE,/api/v2/triggers/destroy_many,DeleteManyTriggers,Bulk Delete Ticket Triggers,,,
ticketing,Triggers,GET,/api/v2/triggers/limits,ShowTriggerLimits,Show Ticket Trigger Limits,,,
ticketing,Triggers,PUT,/api/v2/triggers/reorder,ReorderTriggers,Reorder Ticket Triggers,,,
ticketing,Triggers,GET,/api/v2/triggers/search,SearchTriggers,Search Ticket Triggers,,,
ticketing,Triggers,PUT,/api/v2/triggers/update_many,UpdateManyTriggers,Update Many Ticket Triggers,,,
ticketing,Triggers,POST,/api/v2/triggers/validate,ValidateTrigger,Validate Ticket Trigger,,,
ticketing,Triggers,DELETE,/api/v2/triggers/{trigger_id},DeleteTrigger,Delete Ticket Trigger,,,
ticketing,Triggers,GET,/api/v2/triggers/{trigger_id},GetTrigger,Show Ticket Trigger,,,
ticketing,Triggers,PUT,/api/v2/triggers/{trigger_id},UpdateTrigger,Update Ticket Trigger,,,
ticketing,Triggers,GET,/api/v2/triggers/{trigger_id}/revisions,ListTriggerRevisions,List Ticket Trigger Revisions,,,
ticketing,Triggers,GET,/api/v2/triggers/{trigger_id}/revisions/{trigger_revision_id},TriggerRevision,Show Ticket Trigger Revision,,,
ticketing,User Fields,GET,/api/v2/user_fields,ListUserFields,List User Fields,cursor,,
ticketing,User Fields,POST,/api/v2/user_fields,CreateUserField,Create User Field,,,
ticketing,User Fields,PUT,/api/v2/user_fields/reorder,ReorderUserField,Reorder User Field,,,
ticketing,User Fields,GET,/api/v2/user_fields/show_many,ShowManyUserFields,Show Many User Fields,,,
ticketing,User Fields,DELETE,/api/v2/user_fields/{user_field_id},DeleteUserField,Delete User Field,,,
ticketing,User Fields,GET,/api/v2/user_fields/{user_field_id},ShowUserField,Show User Field,,,
ticketing,User Fields,PUT,/api/v2/user_fields/{user_field_id},UpdateUserField,Update User Field,,,
ticketing,User Fields,GET,/api/v2/user_fields/{user_field_id}/options,ListUserFieldOptions,List User Field Options,,,
ticketing,User Fields,POST,/api/v2/user_fields/{user_field_id}/options,CreateOrUpdateUserFieldOption,Create or Update a User Field Option,,,
ticketing,User Fields,DELETE,/api/v2/user_fields/{user_field_id}/options/{user_field_option_id},DeleteUserFieldOption,Delete User Field Option,,,
ticketing,User Fields,GET,/api/v2/user_fields/{user_field_id}/options/{user_field_option_id},ShowUserFieldOption,Show a User Field Option,,,
ticketing,User Identities,GET,/api/v2/end_users/{user_id}/identities,ListEndUserIdentities,List End User Identities,,,
ticketing,User Identities,POST,/api/v2/end_users/{user_id}/identities,CreateEndUserIdentity,Create End User Identity,,,
ticketing,User Identities,DELETE,/api/v2/end_users/{user_id}/identities/{user_identity_id},DeleteEndUserIdentity,Delete End User Identity,,,
ticketing,User Identities,GET,/api/v2/end_users/{user_id}/identities/{user_identity_id},ShowEndUserIdentity,Show End User Identity,,,
ticketing,User Identities,PUT,/api/v2/end_users/{user_id}/identities/{user_identity_id}/make_primary,MakeEndUserIdentityPrimary,Make End User Identity Primary,,,
ticketing,User Identities,PUT,/api/v2/end_users/{user_id}/identities/{user_identity_id}/request_verification,RequestEndUserVerification,Request End User Verification,,,
ticketing,User Identities,GET,/api/v2/users/{user_id}/identities,ListUserIdentities,List Identities,cursor,,
ticketing,User Identities,POST,/api/v2/users/{user_id}/identities,CreateUserIdentity,Create Identity,,,
ticketing,User Identities,DELETE,/api/v2/users/{user_id}/identities/{user_identity_id},DeleteUserIdentity,Delete Identity,,,
ticketing,User Identities,GET,/api/v2/users/{user_id}/identities/{user_identity_id},ShowUserIdentity,Show Identity,,,
ticketing,User Identities,PUT,/api/v2/users/{user_id}/identities/{user_identity_id},UpdateUserIdentity,Update Identity,,,
ticketing,User Identities,PUT,/api/v2/users/{user_id}/identities/{user_identity_id}/make_primary,MakeUserIdentityPrimary,Make Identity Primary,,,
ticketing,User Identities,PUT,/api/v2/users/{user_id}/identities/{user_identity_id}/request_verification,RequestUserVerification,Request User Verification,,,
ticketing,User Identities,PUT,/api/v2/users/{user_id}/identities/{user_identity_id}/verify,VerifyUserIdentity,Verify Identity,,,
ticketing,User Passwords,POST,/api/v2/users/{user_id}/password,SetUserPassword,Set a User's Password,,,
ticketing,User Passwords,PUT,/api/v2/users/{user_id}/password,ChangeOwnPassword,Change Your Password,,,
ticketing,User Passwords,GET,/api/v2/users/{user_id}/password/requirements,GetUserPasswordRequirements,List password requirements,,,
ticketing,Users,GET,/api/v2/deleted_users,ListDeletedUsers,List Deleted Users,dual,,
ticketing,Users,GET,/api/v2/deleted_users/count,CountDeletedUsers,Count Deleted Users,,,
ticketing,Users,DELETE,/api/v2/deleted_users/{deleted_user_id},PermanentlyDeleteUser,Permanently Delete User,,,
ticketing,Users,GET,/api/v2/deleted_users/{deleted_user_id},ShowDeletedUser,Show Deleted User,,,
ticketing,Users,GET,/api/v2/groups/{group_id}/users,ListGroupUsers,List Users By Group,,,
ticketing,Users,GET,/api/v2/groups/{group_id}/users/count,CountGroupUsers,Count Users By Group,,,
ticketing,Users,GET,/api/v2/organizations/{organization_id}/users,ListOrganizationUsers,List Organization Users,dual,,
ticketing,Users,GET,/api/v2/organizations/{organization_id}/users/count,CountOrganizationUsers,Count Organization Users,,,
ticketing,Users,GET,/api/v2/users,ListUsers,List Users,dual,,yes
ticketing,Users,POST,/api/v2/users,CreateUser,Create User,,,
ticketing,Users,GET,/api/v2/users/autocomplete,AutocompleteUsers,Autocomplete Users,offset,,yes
ticketing,Users,POST,/api/v2/users/autocomplete,AutocompleteUsersPost,Autocomplete Users by Request Body,offset,,yes
ticketing,Users,GET,/api/v2/users/count,CountUsers,Count Users,,,
ticketing,Users,POST,/api/v2/users/create_many,CreateManyUsers,Create Many Users,,,
ticketing,Users,POST,/api/v2/users/create_or_update,CreateOrUpdateUser,Create Or Update User,,,
ticketing,Users,POST,/api/v2/users/create_or_update_many,CreateOrUpdateManyUsers,Create Or Update Many Users,,,
ticketing,Users,DELETE,/api/v2/users/destroy_many,DestroyManyUsers,Bulk Delete Users,,,
ticketing,Users,POST,/api/v2/users/logout_many,LogoutManyUsers,Logout many users,,,
ticketing,Users,GET,/api/v2/users/me,ShowCurrentUser,Show Self,,,yes
ticketing,Users,GET,/api/v2/users/me/settings,ShowCurrentUserSettings,Show Current User Settings,,,
ticketing,Users,PUT,/api/v2/users/me/settings,UpdateCurrentUserSettings,Update Current User Settings,,,
ticketing,Users,POST,/api/v2/users/request_create,RequestUserCreate,Request User Create,,,
ticketing,Users,GET,/api/v2/users/search,SearchUsers,Search Users,offset,,yes
ticketing,Users,GET,/api/v2/users/show_many,ShowManyUsers,Show Many Users,,,yes
ticketing,Users,PUT,/api/v2/users/update_many,UpdateManyUsers,Update Many Users,,,
ticketing,Users,DELETE,/api/v2/users/{user_id},DeleteUser,Delete User,,,
ticketing,Users,GET,/api/v2/users/{user_id},ShowUser,Show User,,,yes
ticketing,Users,PUT,/api/v2/users/{user_id},UpdateUser,Update User,,,
ticketing,Users,GET,/api/v2/users/{user_id}/compliance_deletion_statuses,ShowUserComplianceDeletionStatuses,Show Compliance Deletion Statuses,,,
ticketing,Users,GET,/api/v2/users/{user_id}/entitlements/full,GetUserEntitlementsFull,Get Full User Entitlements,,,
ticketing,Users,PUT,/api/v2/users/{user_id}/merge,MergeEndUsers,Merge End Users,,,
ticketing,Users,GET,/api/v2/users/{user_id}/related,ShowUserRelated,Show User Related Information,,,
ticketing,Views,GET,/api/v2/views,ListViews,List Views,dual,,
ticketing,Views,POST,/api/v2/views,CreateView,Create View,,,
ticketing,Views,GET,/api/v2/views/active,ListActiveViews,List Active Views,,,
ticketing,Views,GET,/api/v2/views/compact,ListCompactViews,List Views - Compact,,,
ticketing,Views,GET,/api/v2/views/count,CountViews,Count Views,,,
ticketing,Views,GET,/api/v2/views/count_many,GetViewCounts,Count Tickets in Views,,,
ticketing,Views,GET,/api/v2/views/definitions,ListViewDefinitions,List View Filter Definitions,,,
ticketing,Views,DELETE,/api/v2/views/destroy_many,BulkDeleteViews,Bulk Delete Views,,,
ticketing,Views,POST,/api/v2/views/preview,PreviewViews,Preview Views,dual,,yes
ticketing,Views,POST,/api/v2/views/preview/count,PreviewCount,Preview Ticket Count,,,
ticketing,Views,GET,/api/v2/views/search,SearchViews,Search Views,,,yes
ticketing,Views,GET,/api/v2/views/show_many,ListViewsById,List Views By ID,,,
ticketing,Views,PUT,/api/v2/views/update_many,UpdateManyViews,Update Many Views,,,
ticketing,Views,DELETE,/api/v2/views/{view_id},DeleteView,Delete View,,,
ticketing,Views,GET,/api/v2/views/{view_id},ShowView,Show View,,,yes
ticketing,Views,PUT,/api/v2/views/{view_id},UpdateView,Update View,,,
ticketing,Views,GET,/api/v2/views/{view_id}/count,GetViewCount,Count Tickets in View,,,
ticketing,Views,GET,/api/v2/views/{view_id}/execute,ExecuteView,Execute View,dual,,yes
ticketing,Views,GET,/api/v2/views/{view_id}/export,ExportView,Export View,,,
ticketing,Views,GET,/api/v2/views/{view_id}/tickets,ListTicketsFromView,List Tickets From a View,,,
ticketing,Workspaces,GET,/api/v2/workspaces,ListWorkspaces,List Workspaces,,,
ticketing,Workspaces,POST,/api/v2/workspaces,CreateWorkspace,Create Workspace,,,
ticketing,Workspaces,DELETE,/api/v2/workspaces/destroy_many,DestroyManyWorkspaces,Bulk Delete Workspaces,,,
ticketing,Workspaces,PUT,/api/v2/workspaces/reorder,ReorderWorkspaces,Reorder Workspaces,,,
ticketing,Workspaces,DELETE,/api/v2/workspaces/{workspace_id},DeleteWorkspace,Delete Workspace,,,
ticketing,Workspaces,GET,/api/v2/workspaces/{workspace_id},ShowWorkspace,Show Workspace,,,
ticketing,Workspaces,PUT,/api/v2/workspaces/{workspace_id},UpdateWorkspace,Update Workspace,,,
ticketing,X Channel,GET,/api/v2/channels/twitter/monitored_twitter_handles,ListMonitoredTwitterHandles,List Monitored X Handles,,,
ticketing,X Channel,GET,/api/v2/channels/twitter/monitored_twitter_handles/{monitored_twitter_handle_id},ShowMonitoredTwitterHandle,Show Monitored X Handle,,,
ticketing,X Channel,POST,/api/v2/channels/twitter/tickets,CreateTicketFromTweet,Create Ticket from Tweet,,,
ticketing,X Channel,GET,/api/v2/channels/twitter/tickets/{comment_id}/statuses,GettingTwicketStatus,List Ticket statuses,,,
voice,Addresses,GET,/api/v2/channels/voice/addresses,ListAddresses,List Addresses,,,
voice,Addresses,POST,/api/v2/channels/voice/addresses,CreateAddress,Create Address,,,
voice,Addresses,DELETE,/api/v2/channels/voice/addresses/{address_id},DeleteAddressById,Delete Address,,,
voice,Addresses,GET,/api/v2/channels/voice/addresses/{address_id},ShowAddressById,Show Address,,,
voice,Addresses,PUT,/api/v2/channels/voice/addresses/{address_id},UpdateAddressById,Update Address,,,
voice,Availabilities,GET,/api/v2/channels/voice/availabilities/{agent_id},ShowAvailability,Show Availability,,,
voice,Availabilities,PUT,/api/v2/channels/voice/availabilities/{agent_id},UpdateAvailability,Update Availability,,,
voice,Call Console,GET,/api/v2/channels/voice/call_console,ShowCallConsole,Show Call Console Information,,,
voice,Callback Requests,POST,/api/v2/channels/voice/callback_requests,CreateCallbackRequest,Create Callback Request,,,
voice,Calls,POST,/api/v2/calls,CreateCall,Create a Call Object,,,
voice,Calls,GET,/api/v2/calls/{call_id},GetCall,Retrieve a Single Call by id,,,
voice,Calls,PATCH,/api/v2/calls/{call_id},UpdateCall,Update a Call,,,
voice,Calls,POST,/api/v2/calls/{call_id}/comments,CreateComment,Creates a Voice Comment on a Ticket,,,
voice,Dashboard,GET,/api/v2/channels/voice/dashboard/account_level_activity,GetAccountLevelActivity,Get Account-level Activity,,,
voice,Dashboard,GET,/api/v2/channels/voice/dashboard/agent_level_activity,GetAgentLevelActivity,Get Agent-level Activity,offset,,
voice,Dashboard,GET,/api/v2/channels/voice/dashboard/queue_level_activity,GetQueueLevelActivity,Get Queue-level Activity,,,
voice,Digital lines,POST,/api/v2/channels/voice/digital_lines,CreateDigitalLine,Create Digital Line,,,
voice,Digital lines,DELETE,/api/v2/channels/voice/digital_lines/{digital_line_id},DeleteDigitalLine,Delete Digital Line,,,
voice,Digital lines,GET,/api/v2/channels/voice/digital_lines/{digital_line_id},ShowDigitalLine,Show Digital Line,,,
voice,Digital lines,PUT,/api/v2/channels/voice/digital_lines/{digital_line_id},UpdateDigitalLine,Update Digital Line,,,
voice,Greetings,GET,/api/v2/channels/voice/greeting_categories,ListGreetingCategories,List Greeting Categories,,,
voice,Greetings,GET,/api/v2/channels/voice/greeting_categories/{greeting_categories_id},ShowGreetingCategory,Show Greeting Category,,,
voice,Greetings,GET,/api/v2/channels/voice/greetings,ListGreetings,List Greetings,,,
voice,Greetings,POST,/api/v2/channels/voice/greetings,CreateGreetings,Create Greeting,,,
voice,Greetings,DELETE,/api/v2/channels/voice/greetings/{greetings_id},DeleteGreeting,Delete Greeting,,,
voice,Greetings,GET,/api/v2/channels/voice/greetings/{greetings_id},ShowGreeting,Show Greeting,,,
voice,Greetings,PUT,/api/v2/channels/voice/greetings/{greetings_id},UpdateGreetings,Update Greeting,,,
voice,Greetings,GET,/api/v2/channels/voice/greetings/{greetings_id}/upload,GetGreetingAudioFile,Get Greeting Audio File,,,
voice,IVR Menus,GET,/api/v2/channels/voice/ivr/{ivr_id}/menus,ListIVRMenus,List IVR Menus,,,
voice,IVR Menus,POST,/api/v2/channels/voice/ivr/{ivr_id}/menus,CreateIVRMenu,Create IVR Menu,,,
voice,IVR Menus,DELETE,/api/v2/channels/voice/ivr/{ivr_id}/menus/{menu_id},DeleteIVRMenu,Delete IVR Menu,,,
voice,IVR Menus,GET,/api/v2/channels/voice/ivr/{ivr_id}/menus/{menu_id},ShowIVRMenu,Show IVR Menu,,,
voice,IVR Menus,PUT,/api/v2/channels/voice/ivr/{ivr_id}/menus/{menu_id},UpdateIVRMenu,Update IVR Menu,,,
voice,IVR Routes,GET,/api/v2/channels/voice/ivr/{ivr_id}/menus/{menu_id}/routes,ListIVRRoutes,List IVR Routes,,,
voice,IVR Routes,POST,/api/v2/channels/voice/ivr/{ivr_id}/menus/{menu_id}/routes,CreateIVRRoute,Create IVR Route,,,
voice,IVR Routes,DELETE,/api/v2/channels/voice/ivr/{ivr_id}/menus/{menu_id}/routes/{route_id},DeleteIVRRoute,Delete IVR Route,,,
voice,IVR Routes,GET,/api/v2/channels/voice/ivr/{ivr_id}/menus/{menu_id}/routes/{route_id},ShowIVRRoute,Show IVR Route,,,
voice,IVR Routes,PUT,/api/v2/channels/voice/ivr/{ivr_id}/menus/{menu_id}/routes/{route_id},UpdateIVRRoute,Update IVR Route,,,
voice,IVRs,GET,/api/v2/channels/voice/ivr,ListIVRs,List IVRs,,,
voice,IVRs,POST,/api/v2/channels/voice/ivr,CreateIVR,Create IVR,,,
voice,IVRs,DELETE,/api/v2/channels/voice/ivr/{ivr_id},DeleteIVRById,Delete IVR,,,
voice,IVRs,GET,/api/v2/channels/voice/ivr/{ivr_id},ShowIVRById,Show IVR,,,
voice,IVRs,PUT,/api/v2/channels/voice/ivr/{ivr_id},UpdateIVRById,Update IVR,,,
voice,Incremental Exports,GET,/api/v2/channels/voice/stats/incremental/calls,GetIncrementalCallsExport,Incremental Calls Export,,,
voice,Incremental Exports,GET,/api/v2/channels/voice/stats/incremental/legs,GetIncrementalCallLegsExport,Incremental Call Legs Export,,,
voice,Lines,GET,/api/v2/channels/voice/lines,ListLines,List Lines,,,
voice,Phone numbers,GET,/api/v2/channels/voice/phone_numbers,ListPhoneNumbers,List Phone Numbers,,,
voice,Phone numbers,POST,/api/v2/channels/voice/phone_numbers,CreatePhoneNumber,Create Phone Number,,,
voice,Phone numbers,GET,/api/v2/channels/voice/phone_numbers/search,SearchAvailablePhoneNumbers,Search for Available Phone Numbers,,,
voice,Phone numbers,DELETE,/api/v2/channels/voice/phone_numbers/{phone_number_id},DeletePhoneNumber,Delete Phone Number,,,
voice,Phone numbers,GET,/api/v2/channels/voice/phone_numbers/{phone_number_id},ShowPhoneNumber,Show Phone Number,,,yes
voice,Phone numbers,PUT,/api/v2/channels/voice/phone_numbers/{phone_number_id},UpdatePhoneNumber,Update Phone Number,,,yes
voice,Recordings,DELETE,/api/v2/channels/voice/calls/{call_id}/recordings,DeleteRecording,Delete Recording,,,
voice,Recordings,DELETE,/api/v2/channels/voice/calls/{call_id}/recordings/{recording_type},DeleteRecordingByType,Delete Recording By Type,,,
voice,Stats,GET,/api/v2/channels/voice/stats/account_overview,ShowAccountOverview,Show Account Overview,,,
voice,Stats,GET,/api/v2/channels/voice/stats/agents_activity,ListAgentsActivity,List Agents Activity,,,
voice,Stats,GET,/api/v2/channels/voice/stats/agents_overview,ShowAgentsOverview,Show Agents Overview,,,
voice,Stats,GET,/api/v2/channels/voice/stats/current_queue_activity,ShowCurrentQueueActivity,Show Current Queue Activity,,,
voice,Voice Settings,GET,/api/v2/channels/voice/settings,ShowVoiceSettings,Show Voice Settings,,,
voice,Voice Settings,PUT,/api/v2/channels/voice/settings,UpdateVoiceSettings,Update Voice Settings,,,
